[
{
    "model": "app.userrole",
    "pk": 1,
    "fields": {}
},
{
    "model": "app.userrole",
    "pk": 2,
    "fields": {}
},
{
    "model": "app.userrole",
    "pk": 3,
    "fields": {}
},
{
    "model": "app.userrole",
    "pk": 4,
    "fields": {}
},
{
    "model": "app.teamrole",
    "pk": 2,
    "fields": {}
},
{
    "model": "app.teamrole",
    "pk": 3,
    "fields": {}
},
{
    "model": "app.teamrole",
    "pk": 4,
    "fields": {}
},
{
    "model": "app.setting",
    "pk": "ip_lock_time",
    "fields": {
        "value": "1"
    }
},
{
    "model": "app.setting",
    "pk": "max_attempts",
    "fields": {
        "value": "3"
    }
},
{
    "model": "app.user",
    "pk": 1,
    "fields": {
        "password": "pbkdf2_sha256$100000$PVZtaFJjtbew$YZLpvbd1r0Dy/9QY5wRnPl9uWIE9WAUZCGWMF5Lqxsw=",
        "last_login": null,
        "email": "admin@demo.com",
        "first_name": "Ad",
        "last_name": "Min",
        "is_active": true,
        "is_admin": true,
        "default_board_id": null,
        "is_staff": true,
        "is_superuser": true,
        "roles": [
            1
        ]
    }
},
{
    "model": "app.user",
    "pk": 2,
    "fields": {
        "password": "pbkdf2_sha256$100000$38I8xQqjcFuG$jI/hzVP4Cf9kdysclyxxw8GkQLTni0lRWP6HZRBJ/qs=",
        "last_login": null,
        "email": "dev1@demo.com",
        "first_name": "Dev",
        "last_name": "Ena",
        "is_active": true,
        "is_admin": false,
        "default_board_id": null,
        "is_staff": false,
        "is_superuser": false,
        "roles": [
            3,
            4
        ]
    }
},
{
    "model": "app.user",
    "pk": 3,
    "fields": {
        "password": "pbkdf2_sha256$100000$uMT9Kv5cFlZ4$wEd2s0WHEUsz3onPthVVLAkrksaIkD/VkxbFEOMU9Fs=",
        "last_login": null,
        "email": "dev2@demo.com",
        "first_name": "Dev",
        "last_name": "Dve",
        "is_active": true,
        "is_admin": false,
        "default_board_id": null,
        "is_staff": false,
        "is_superuser": false,
        "roles": [
            4
        ]
    }
},
{
    "model": "app.user",
    "pk": 4,
    "fields": {
        "password": "pbkdf2_sha256$100000$NkhyrinhM8TB$vF77rGc8hDOqqOuem9nY84ASxeOYLmRCrejo/MoWrA4=",
        "last_login": null,
        "email": "dev3@demo.com",
        "first_name": "Dev",
        "last_name": "Tri",
        "is_active": true,
        "is_admin": false,
        "default_board_id": null,
        "is_staff": false,
        "is_superuser": false,
        "roles": [
            4
        ]
    }
},
{
    "model": "app.user",
    "pk": 5,
    "fields": {
        "password": "pbkdf2_sha256$100000$93HSls4Jl6TW$u4bmvKDfiOWm5V5bJyZpaVWi1MxBhHP+8XGOB5TF5Xc=",
        "last_login": null,
        "email": "dev4@demo.com",
        "first_name": "Dev",
        "last_name": "\u0160ter",
        "is_active": true,
        "is_admin": false,
        "default_board_id": null,
        "is_staff": false,
        "is_superuser": false,
        "roles": [
            4
        ]
    }
},
{
    "model": "app.user",
    "pk": 6,
    "fields": {
        "password": "pbkdf2_sha256$100000$kaifokkU7YhS$M57DUKJnfWbz7oC8muP1+UxV2HAqbpE5n1B87GMK2S0=",
        "last_login": null,
        "email": "dev5@demo.com",
        "first_name": "Dev",
        "last_name": "Pet",
        "is_active": true,
        "is_admin": false,
        "default_board_id": null,
        "is_staff": false,
        "is_superuser": false,
        "roles": [
            4
        ]
    }
},
{
    "model": "app.user",
    "pk": 7,
    "fields": {
        "password": "pbkdf2_sha256$100000$fSygDy0FOs4G$X9PPI/FJ1ugw/zgL7DXIVrvlwrzZQE2qNl5lLfnGnQo=",
        "last_login": null,
        "email": "km@demo.com",
        "first_name": "K",
        "last_name": "M",
        "is_active": true,
        "is_admin": false,
        "default_board_id": null,
        "is_staff": false,
        "is_superuser": false,
        "roles": [
            3
        ]
    }
},
{
    "model": "app.user",
    "pk": 8,
    "fields": {
        "password": "pbkdf2_sha256$100000$n79vuTxua8NN$af0c1hd49t74mWKL7e3hdQU4CXoCQ8XMK3k2qwXmT28=",
        "last_login": null,
        "email": "po@demo.com",
        "first_name": "P",
        "last_name": "O",
        "is_active": true,
        "is_admin": false,
        "default_board_id": null,
        "is_staff": false,
        "is_superuser": false,
        "roles": [
            2,
            4
        ]
    }
},
{
    "model": "app.user",
    "pk": 9,
    "fields": {
        "password": "pbkdf2_sha256$100000$586dQy24Uu4Y$prR/H/OlSMxv8ofcR9SO8+NmUvfMREVI3L68Mq6BfU8=",
        "last_login": null,
        "email": "wildcard@demo.com",
        "first_name": "Wild",
        "last_name": "Card",
        "is_active": true,
        "is_admin": false,
        "default_board_id": null,
        "is_staff": false,
        "is_superuser": false,
        "roles": [
            1,
            2,
            3,
            4
        ]
    }
},
{
    "model": "app.user",
    "pk": 10,
    "fields": {
        "password": "pbkdf2_sha256$100000$4qlSnxgMaRhO$loynOE7UB6Zzma5nPX8tm7FQy7QuMqO+tem2z4muBXo=",
        "last_login": null,
        "email": "po2@demo.com",
        "first_name": "Prod",
        "last_name": "Ownr",
        "is_active": true,
        "is_admin": false,
        "default_board_id": null,
        "is_staff": false,
        "is_superuser": false,
        "roles": [
            2
        ]
    }
},
{
    "model": "app.team",
    "pk": 1,
    "fields": {
        "kanban_master": [
            "km@demo.com"
        ],
        "product_owner": [
            "po@demo.com"
        ],
        "name": "t1"
    }
},
{
    "model": "app.team",
    "pk": 2,
    "fields": {
        "kanban_master": [
            "dev1@demo.com"
        ],
        "product_owner": [
            "po@demo.com"
        ],
        "name": "t2"
    }
},
{
    "model": "app.team",
    "pk": 3,
    "fields": {
        "kanban_master": [
            "wildcard@demo.com"
        ],
        "product_owner": [
            "po2@demo.com"
        ],
        "name": "t3"
    }
},
{
    "model": "app.team",
    "pk": 4,
    "fields": {
        "kanban_master": [
            "km@demo.com"
        ],
        "product_owner": [
            "wildcard@demo.com"
        ],
        "name": "t4"
    }
},
{
    "model": "app.userteam",
    "pk": 1,
    "fields": {
        "member": [
            "km@demo.com"
        ],
        "team": 1,
        "role": 3,
        "is_active": true
    }
},
{
    "model": "app.userteam",
    "pk": 2,
    "fields": {
        "member": [
            "po@demo.com"
        ],
        "team": 1,
        "role": 2,
        "is_active": true
    }
},
{
    "model": "app.userteam",
    "pk": 3,
    "fields": {
        "member": [
            "dev1@demo.com"
        ],
        "team": 1,
        "role": 4,
        "is_active": true
    }
},
{
    "model": "app.userteam",
    "pk": 4,
    "fields": {
        "member": [
            "dev2@demo.com"
        ],
        "team": 1,
        "role": 4,
        "is_active": true
    }
},
{
    "model": "app.userteam",
    "pk": 5,
    "fields": {
        "member": [
            "po@demo.com"
        ],
        "team": 1,
        "role": 4,
        "is_active": true
    }
},
{
    "model": "app.userteam",
    "pk": 6,
    "fields": {
        "member": [
            "dev2@demo.com"
        ],
        "team": 2,
        "role": 4,
        "is_active": true
    }
},
{
    "model": "app.userteam",
    "pk": 7,
    "fields": {
        "member": [
            "dev1@demo.com"
        ],
        "team": 2,
        "role": 3,
        "is_active": true
    }
},
{
    "model": "app.userteam",
    "pk": 8,
    "fields": {
        "member": [
            "po@demo.com"
        ],
        "team": 2,
        "role": 2,
        "is_active": true
    }
},
{
    "model": "app.userteam",
    "pk": 9,
    "fields": {
        "member": [
            "wildcard@demo.com"
        ],
        "team": 3,
        "role": 3,
        "is_active": true
    }
},
{
    "model": "app.userteam",
    "pk": 10,
    "fields": {
        "member": [
            "po2@demo.com"
        ],
        "team": 3,
        "role": 2,
        "is_active": true
    }
},
{
    "model": "app.userteam",
    "pk": 11,
    "fields": {
        "member": [
            "dev3@demo.com"
        ],
        "team": 3,
        "role": 4,
        "is_active": true
    }
},
{
    "model": "app.userteam",
    "pk": 12,
    "fields": {
        "member": [
            "dev4@demo.com"
        ],
        "team": 3,
        "role": 4,
        "is_active": true
    }
},
{
    "model": "app.userteam",
    "pk": 13,
    "fields": {
        "member": [
            "wildcard@demo.com"
        ],
        "team": 3,
        "role": 4,
        "is_active": true
    }
},
{
    "model": "app.userteam",
    "pk": 14,
    "fields": {
        "member": [
            "km@demo.com"
        ],
        "team": 4,
        "role": 3,
        "is_active": true
    }
},
{
    "model": "app.userteam",
    "pk": 15,
    "fields": {
        "member": [
            "wildcard@demo.com"
        ],
        "team": 4,
        "role": 2,
        "is_active": true
    }
},
{
    "model": "app.userteam",
    "pk": 16,
    "fields": {
        "member": [
            "po@demo.com"
        ],
        "team": 4,
        "role": 4,
        "is_active": true
    }
},
{
    "model": "app.userteam",
    "pk": 17,
    "fields": {
        "member": [
            "wildcard@demo.com"
        ],
        "team": 4,
        "role": 4,
        "is_active": true
    }
},
{
    "model": "app.userteamlog",
    "pk": 1,
    "fields": {
        "userteam": 1,
        "action": "Uporabnik ustvarjen.",
        "timestamp": "2018-05-03T18:57:09.319Z"
    }
},
{
    "model": "app.userteamlog",
    "pk": 2,
    "fields": {
        "userteam": 2,
        "action": "Uporabnik ustvarjen.",
        "timestamp": "2018-05-03T18:57:09.427Z"
    }
},
{
    "model": "app.userteamlog",
    "pk": 3,
    "fields": {
        "userteam": 3,
        "action": "Uporabnik ustvarjen.",
        "timestamp": "2018-05-03T18:57:09.525Z"
    }
},
{
    "model": "app.userteamlog",
    "pk": 4,
    "fields": {
        "userteam": 4,
        "action": "Uporabnik ustvarjen.",
        "timestamp": "2018-05-03T18:57:09.633Z"
    }
},
{
    "model": "app.userteamlog",
    "pk": 5,
    "fields": {
        "userteam": 5,
        "action": "Uporabnik ustvarjen.",
        "timestamp": "2018-05-03T18:57:09.741Z"
    }
},
{
    "model": "app.userteamlog",
    "pk": 6,
    "fields": {
        "userteam": 6,
        "action": "Uporabnik ustvarjen.",
        "timestamp": "2018-05-03T18:57:09.843Z"
    }
},
{
    "model": "app.userteamlog",
    "pk": 7,
    "fields": {
        "userteam": 7,
        "action": "Uporabnik ustvarjen.",
        "timestamp": "2018-05-03T18:57:09.944Z"
    }
},
{
    "model": "app.userteamlog",
    "pk": 8,
    "fields": {
        "userteam": 8,
        "action": "Uporabnik ustvarjen.",
        "timestamp": "2018-05-03T18:57:10.060Z"
    }
},
{
    "model": "app.userteamlog",
    "pk": 9,
    "fields": {
        "userteam": 9,
        "action": "Uporabnik ustvarjen.",
        "timestamp": "2018-05-03T18:57:10.165Z"
    }
},
{
    "model": "app.userteamlog",
    "pk": 10,
    "fields": {
        "userteam": 10,
        "action": "Uporabnik ustvarjen.",
        "timestamp": "2018-05-03T18:57:10.262Z"
    }
},
{
    "model": "app.userteamlog",
    "pk": 11,
    "fields": {
        "userteam": 11,
        "action": "Uporabnik ustvarjen.",
        "timestamp": "2018-05-03T18:57:10.371Z"
    }
},
{
    "model": "app.userteamlog",
    "pk": 12,
    "fields": {
        "userteam": 12,
        "action": "Uporabnik ustvarjen.",
        "timestamp": "2018-05-03T18:57:10.473Z"
    }
},
{
    "model": "app.userteamlog",
    "pk": 13,
    "fields": {
        "userteam": 13,
        "action": "Uporabnik ustvarjen.",
        "timestamp": "2018-05-03T18:57:10.574Z"
    }
},
{
    "model": "app.userteamlog",
    "pk": 14,
    "fields": {
        "userteam": 14,
        "action": "Uporabnik ustvarjen.",
        "timestamp": "2018-05-03T18:57:10.691Z"
    }
},
{
    "model": "app.userteamlog",
    "pk": 15,
    "fields": {
        "userteam": 15,
        "action": "Uporabnik ustvarjen.",
        "timestamp": "2018-05-03T18:57:10.806Z"
    }
},
{
    "model": "app.userteamlog",
    "pk": 16,
    "fields": {
        "userteam": 16,
        "action": "Uporabnik ustvarjen.",
        "timestamp": "2018-05-03T18:57:10.909Z"
    }
},
{
    "model": "app.userteamlog",
    "pk": 17,
    "fields": {
        "userteam": 17,
        "action": "Uporabnik ustvarjen.",
        "timestamp": "2018-05-03T18:57:11.012Z"
    }
},
{
    "model": "app.board",
    "pk": 1,
    "fields": {
        "name": "Tabla 1"
    }
},
{
    "model": "app.project",
    "pk": 1,
    "fields": {
        "team": 1,
        "board": 1,
        "name": "Projekt 1 (s karticami)",
        "project_code": "PR-01",
        "customer": "Mahnic",
        "date_start": "2018-04-10",
        "date_end": "2018-10-20",
        "is_active": true
    }
},
{
    "model": "app.project",
    "pk": 2,
    "fields": {
        "team": 1,
        "board": 1,
        "name": "Projekt 2 (s karticami)",
        "project_code": "PR-02",
        "customer": "Furst",
        "date_start": "2018-04-10",
        "date_end": "2018-12-20",
        "is_active": true
    }
},
{
    "model": "app.project",
    "pk": 3,
    "fields": {
        "team": 2,
        "board": null,
        "name": "Projekt 3",
        "project_code": "PR-03",
        "customer": "Podgor\u0161ek",
        "date_start": "2018-04-10",
        "date_end": "2018-12-25",
        "is_active": true
    }
},
{
    "model": "app.project",
    "pk": 4,
    "fields": {
        "team": 3,
        "board": null,
        "name": "Projekt 4",
        "project_code": "PR-04",
        "customer": "Smolej",
        "date_start": "2018-04-10",
        "date_end": "2018-11-25",
        "is_active": true
    }
},
{
    "model": "app.column",
    "pk": "1",
    "fields": {
        "board": 1,
        "name": "Product Backlog",
        "position": 0,
        "wip": 0,
        "boundary": false,
        "priority": false,
        "acceptance": false,
        "parent": null
    }
},
{
    "model": "app.column",
    "pk": "10",
    "fields": {
        "board": 1,
        "name": "Done",
        "position": 4,
        "wip": 0,
        "boundary": false,
        "priority": false,
        "acceptance": false,
        "parent": null
    }
},
{
    "model": "app.column",
    "pk": "2",
    "fields": {
        "board": 1,
        "name": "Sprint Backlog",
        "position": 1,
        "wip": 0,
        "boundary": false,
        "priority": true,
        "acceptance": false,
        "parent": null
    }
},
{
    "model": "app.column",
    "pk": "3",
    "fields": {
        "board": 1,
        "name": "Development",
        "position": 2,
        "wip": 6,
        "boundary": false,
        "priority": false,
        "acceptance": false,
        "parent": null
    }
},
{
    "model": "app.column",
    "pk": "4",
    "fields": {
        "board": 1,
        "name": "Analysis & Design",
        "position": 0,
        "wip": 0,
        "boundary": true,
        "priority": false,
        "acceptance": false,
        "parent": "3"
    }
},
{
    "model": "app.column",
    "pk": "5",
    "fields": {
        "board": 1,
        "name": "Coding",
        "position": 1,
        "wip": 0,
        "boundary": false,
        "priority": false,
        "acceptance": false,
        "parent": "3"
    }
},
{
    "model": "app.column",
    "pk": "6",
    "fields": {
        "board": 1,
        "name": "Testing",
        "position": 2,
        "wip": 0,
        "boundary": false,
        "priority": false,
        "acceptance": false,
        "parent": "3"
    }
},
{
    "model": "app.column",
    "pk": "7",
    "fields": {
        "board": 1,
        "name": "Integration",
        "position": 3,
        "wip": 0,
        "boundary": false,
        "priority": false,
        "acceptance": false,
        "parent": "3"
    }
},
{
    "model": "app.column",
    "pk": "8",
    "fields": {
        "board": 1,
        "name": "Documentation",
        "position": 4,
        "wip": 0,
        "boundary": true,
        "priority": false,
        "acceptance": false,
        "parent": "3"
    }
},
{
    "model": "app.column",
    "pk": "9",
    "fields": {
        "board": 1,
        "name": "Acceptance Ready",
        "position": 3,
        "wip": 0,
        "boundary": false,
        "priority": false,
        "acceptance": true,
        "parent": null
    }
},
{
    "model": "app.cardtype",
    "pk": 0,
    "fields": {}
},
{
    "model": "app.cardtype",
    "pk": 1,
    "fields": {}
},
{
    "model": "app.cardtype",
    "pk": 2,
    "fields": {}
}
]
