[{"model": "contenttypes.contenttype", "pk": 153, "fields": {"app_label": "admin", "model": "logentry"}}, {"model": "contenttypes.contenttype", "pk": 154, "fields": {"app_label": "auth", "model": "permission"}}, {"model": "contenttypes.contenttype", "pk": 155, "fields": {"app_label": "auth", "model": "group"}}, {"model": "contenttypes.contenttype", "pk": 156, "fields": {"app_label": "contenttypes", "model": "contenttype"}}, {"model": "contenttypes.contenttype", "pk": 157, "fields": {"app_label": "sessions", "model": "session"}}, {"model": "contenttypes.contenttype", "pk": 158, "fields": {"app_label": "app", "model": "userrole"}}, {"model": "contenttypes.contenttype", "pk": 159, "fields": {"app_label": "app", "model": "teamrole"}}, {"model": "contenttypes.contenttype", "pk": 160, "fields": {"app_label": "app", "model": "setting"}}, {"model": "contenttypes.contenttype", "pk": 161, "fields": {"app_label": "app", "model": "loginattempt"}}, {"model": "contenttypes.contenttype", "pk": 162, "fields": {"app_label": "app", "model": "user"}}, {"model": "contenttypes.contenttype", "pk": 163, "fields": {"app_label": "app", "model": "team"}}, {"model": "contenttypes.contenttype", "pk": 164, "fields": {"app_label": "app", "model": "userteam"}}, {"model": "contenttypes.contenttype", "pk": 165, "fields": {"app_label": "app", "model": "userteamlog"}}, {"model": "contenttypes.contenttype", "pk": 166, "fields": {"app_label": "app", "model": "board"}}, {"model": "contenttypes.contenttype", "pk": 167, "fields": {"app_label": "app", "model": "project"}}, {"model": "contenttypes.contenttype", "pk": 168, "fields": {"app_label": "app", "model": "column"}}, {"model": "contenttypes.contenttype", "pk": 169, "fields": {"app_label": "app", "model": "cardtype"}}, {"model": "contenttypes.contenttype", "pk": 170, "fields": {"app_label": "app", "model": "card"}}, {"model": "contenttypes.contenttype", "pk": 171, "fields": {"app_label": "app", "model": "cardlog"}}, {"model": "app.userrole", "pk": 1, "fields": {}}, {"model": "app.userrole", "pk": 2, "fields": {}}, {"model": "app.userrole", "pk": 3, "fields": {}}, {"model": "app.userrole", "pk": 4, "fields": {}}, {"model": "app.teamrole", "pk": 2, "fields": {}}, {"model": "app.teamrole", "pk": 3, "fields": {}}, {"model": "app.teamrole", "pk": 4, "fields": {}}, {"model": "app.setting", "pk": 15, "fields": {"key": "ip_lock_time", "value": "1"}}, {"model": "app.setting", "pk": 16, "fields": {"key": "max_attempts", "value": "3"}}, {"model": "app.user", "pk": 31, "fields": {"password": "pbkdf2_sha256$100000$CLOf6QUNlKK7$YePLoufMC3WWlKiK4waTSZxdubyltnC/em1zhp7meFg=", "last_login": null, "email": "admin@demo.com", "first_name": "Ad", "last_name": "Min", "is_active": true, "is_admin": true, "is_staff": true, "is_superuser": true, "roles": [1]}}, {"model": "app.user", "pk": 32, "fields": {"password": "pbkdf2_sha256$100000$7pT72ArtcJLI$bqUh8sRe7uTTm87SXBY6ZiP+YE/Z4hnEJ4Nxi4tJvVw=", "last_login": null, "email": "dev1@demo.com", "first_name": "Dev", "last_name": "Ena", "is_active": true, "is_admin": false, "is_staff": false, "is_superuser": false, "roles": [3, 4]}}, {"model": "app.user", "pk": 33, "fields": {"password": "pbkdf2_sha256$100000$uYtbFNR4datW$0Jsm1SAH6T/rO6AvGhquk+rXFj1Tt7R+uhsCfKI7Pmo=", "last_login": null, "email": "dev2@demo.com", "first_name": "Dev", "last_name": "Dve", "is_active": true, "is_admin": false, "is_staff": false, "is_superuser": false, "roles": [4]}}, {"model": "app.user", "pk": 34, "fields": {"password": "pbkdf2_sha256$100000$sGh6xvTB2FcZ$HFetpBlnTBTeg5l7um+2h/cgj+3VCYKQJrP8UH92Chg=", "last_login": null, "email": "km@demo.com", "first_name": "K", "last_name": "M", "is_active": true, "is_admin": false, "is_staff": false, "is_superuser": false, "roles": [3]}}, {"model": "app.user", "pk": 35, "fields": {"password": "pbkdf2_sha256$100000$oqGDIy6FaKj8$pbqIYtWMEv/KpqHbD5YheQL3usR0LJzUkAXPxcf2Kek=", "last_login": null, "email": "po@demo.com", "first_name": "P", "last_name": "O", "is_active": true, "is_admin": false, "is_staff": false, "is_superuser": false, "roles": [2, 4]}}, {"model": "app.team", "pk": 17, "fields": {"kanban_master": 34, "product_owner": 35, "name": "t1"}}, {"model": "app.team", "pk": 18, "fields": {"kanban_master": 32, "product_owner": 35, "name": "t2"}}, {"model": "app.userteam", "pk": 34, "fields": {"member": 34, "team": 17, "role": 3, "is_active": true}}, {"model": "app.userteam", "pk": 35, "fields": {"member": 35, "team": 17, "role": 2, "is_active": true}}, {"model": "app.userteam", "pk": 36, "fields": {"member": 32, "team": 17, "role": 4, "is_active": true}}, {"model": "app.userteam", "pk": 37, "fields": {"member": 33, "team": 17, "role": 4, "is_active": true}}, {"model": "app.userteam", "pk": 38, "fields": {"member": 35, "team": 17, "role": 4, "is_active": true}}, {"model": "app.userteam", "pk": 39, "fields": {"member": 33, "team": 18, "role": 4, "is_active": true}}, {"model": "app.userteam", "pk": 40, "fields": {"member": 32, "team": 18, "role": 3, "is_active": true}}, {"model": "app.userteam", "pk": 41, "fields": {"member": 35, "team": 18, "role": 2, "is_active": true}}, {"model": "app.userteamlog", "pk": 57, "fields": {"userteam": 36, "action": "User added to team", "timestamp": "2018-04-08T10:16:28.118Z"}}, {"model": "app.userteamlog", "pk": 58, "fields": {"userteam": 37, "action": "User added to team", "timestamp": "2018-04-08T10:16:28.157Z"}}, {"model": "app.userteamlog", "pk": 59, "fields": {"userteam": 38, "action": "User added to team", "timestamp": "2018-04-08T10:16:28.196Z"}}, {"model": "app.userteamlog", "pk": 60, "fields": {"userteam": 39, "action": "User added to team", "timestamp": "2018-04-08T10:16:28.231Z"}}, {"model": "app.board", "pk": 9, "fields": {"name": "Tabla 1"}}, {"model": "app.project", "pk": 13, "fields": {"team": 17, "board": 9, "name": "Projekt 1", "project_code": "Koda 1", "customer": "Mahnic", "date_start": "2018-04-08", "date_end": "2018-04-13", "is_active": true}}, {"model": "app.project", "pk": 14, "fields": {"team": 17, "board": 9, "name": "Projekt 2", "project_code": "Koda 2", "customer": "Furst", "date_start": "2018-04-08", "date_end": "2018-04-13", "is_active": true}}, {"model": "app.column", "pk": "", "fields": {"board": 9, "name": "Stolpec 3", "position": 1, "wip": 5, "type": "Tip stolpca 3", "parent": ""}}, {"model": "app.cardtype", "pk": 0, "fields": {}}, {"model": "app.cardtype", "pk": 1, "fields": {}}, {"model": "app.card", "pk": 25, "fields": {"column": "", "type": 0, "description": "Mellow", "name": "To je ime kartice", "estimate": 3.5, "project": null, "expiration": "2018-04-13T10:16:23.203Z"}}, {"model": "app.card", "pk": 26, "fields": {"column": "", "type": 0, "description": "Meowww", "name": "To je kartica", "estimate": 1.0, "project": null, "expiration": "2018-04-13T10:16:23.203Z"}}, {"model": "app.card", "pk": 27, "fields": {"column": "", "type": 1, "description": "Meowing all over the world.", "name": "Bllll", "estimate": 666.0, "project": null, "expiration": "2018-04-13T10:16:23.203Z"}}, {"model": "app.cardlog", "pk": 32, "fields": {"card": 25, "from_column": "", "to_column": "", "action": "Premik1", "timestamp": "2018-04-08T10:16:29.864Z"}}, {"model": "app.cardlog", "pk": 33, "fields": {"card": 25, "from_column": "", "to_column": "", "action": "Premik2", "timestamp": "2018-04-08T10:16:29.899Z"}}, {"model": "app.cardlog", "pk": 34, "fields": {"card": 25, "from_column": "", "to_column": "", "action": "Premik3", "timestamp": "2018-04-08T10:16:29.938Z"}}, {"model": "app.cardlog", "pk": 35, "fields": {"card": 27, "from_column": "", "to_column": "", "action": "Premik4", "timestamp": "2018-04-08T10:16:34.063Z"}}, {"model": "auth.permission", "pk": 457, "fields": {"name": "Can add log entry", "content_type": 153, "codename": "add_logentry"}}, {"model": "auth.permission", "pk": 458, "fields": {"name": "Can change log entry", "content_type": 153, "codename": "change_logentry"}}, {"model": "auth.permission", "pk": 459, "fields": {"name": "Can delete log entry", "content_type": 153, "codename": "delete_logentry"}}, {"model": "auth.permission", "pk": 460, "fields": {"name": "Can add permission", "content_type": 154, "codename": "add_permission"}}, {"model": "auth.permission", "pk": 461, "fields": {"name": "Can change permission", "content_type": 154, "codename": "change_permission"}}, {"model": "auth.permission", "pk": 462, "fields": {"name": "Can delete permission", "content_type": 154, "codename": "delete_permission"}}, {"model": "auth.permission", "pk": 463, "fields": {"name": "Can add group", "content_type": 155, "codename": "add_group"}}, {"model": "auth.permission", "pk": 464, "fields": {"name": "Can change group", "content_type": 155, "codename": "change_group"}}, {"model": "auth.permission", "pk": 465, "fields": {"name": "Can delete group", "content_type": 155, "codename": "delete_group"}}, {"model": "auth.permission", "pk": 466, "fields": {"name": "Can add content type", "content_type": 156, "codename": "add_contenttype"}}, {"model": "auth.permission", "pk": 467, "fields": {"name": "Can change content type", "content_type": 156, "codename": "change_contenttype"}}, {"model": "auth.permission", "pk": 468, "fields": {"name": "Can delete content type", "content_type": 156, "codename": "delete_contenttype"}}, {"model": "auth.permission", "pk": 469, "fields": {"name": "Can add session", "content_type": 157, "codename": "add_session"}}, {"model": "auth.permission", "pk": 470, "fields": {"name": "Can change session", "content_type": 157, "codename": "change_session"}}, {"model": "auth.permission", "pk": 471, "fields": {"name": "Can delete session", "content_type": 157, "codename": "delete_session"}}, {"model": "auth.permission", "pk": 472, "fields": {"name": "Can add user role", "content_type": 158, "codename": "add_userrole"}}, {"model": "auth.permission", "pk": 473, "fields": {"name": "Can change user role", "content_type": 158, "codename": "change_userrole"}}, {"model": "auth.permission", "pk": 474, "fields": {"name": "Can delete user role", "content_type": 158, "codename": "delete_userrole"}}, {"model": "auth.permission", "pk": 475, "fields": {"name": "Can add team role", "content_type": 159, "codename": "add_teamrole"}}, {"model": "auth.permission", "pk": 476, "fields": {"name": "Can change team role", "content_type": 159, "codename": "change_teamrole"}}, {"model": "auth.permission", "pk": 477, "fields": {"name": "Can delete team role", "content_type": 159, "codename": "delete_teamrole"}}, {"model": "auth.permission", "pk": 478, "fields": {"name": "Can add setting", "content_type": 160, "codename": "add_setting"}}, {"model": "auth.permission", "pk": 479, "fields": {"name": "Can change setting", "content_type": 160, "codename": "change_setting"}}, {"model": "auth.permission", "pk": 480, "fields": {"name": "Can delete setting", "content_type": 160, "codename": "delete_setting"}}, {"model": "auth.permission", "pk": 481, "fields": {"name": "Can add login attempt", "content_type": 161, "codename": "add_loginattempt"}}, {"model": "auth.permission", "pk": 482, "fields": {"name": "Can change login attempt", "content_type": 161, "codename": "change_loginattempt"}}, {"model": "auth.permission", "pk": 483, "fields": {"name": "Can delete login attempt", "content_type": 161, "codename": "delete_loginattempt"}}, {"model": "auth.permission", "pk": 484, "fields": {"name": "Can add user", "content_type": 162, "codename": "add_user"}}, {"model": "auth.permission", "pk": 485, "fields": {"name": "Can change user", "content_type": 162, "codename": "change_user"}}, {"model": "auth.permission", "pk": 486, "fields": {"name": "Can delete user", "content_type": 162, "codename": "delete_user"}}, {"model": "auth.permission", "pk": 487, "fields": {"name": "Can add team", "content_type": 163, "codename": "add_team"}}, {"model": "auth.permission", "pk": 488, "fields": {"name": "Can change team", "content_type": 163, "codename": "change_team"}}, {"model": "auth.permission", "pk": 489, "fields": {"name": "Can delete team", "content_type": 163, "codename": "delete_team"}}, {"model": "auth.permission", "pk": 490, "fields": {"name": "Can add user team", "content_type": 164, "codename": "add_userteam"}}, {"model": "auth.permission", "pk": 491, "fields": {"name": "Can change user team", "content_type": 164, "codename": "change_userteam"}}, {"model": "auth.permission", "pk": 492, "fields": {"name": "Can delete user team", "content_type": 164, "codename": "delete_userteam"}}, {"model": "auth.permission", "pk": 493, "fields": {"name": "Can add user team log", "content_type": 165, "codename": "add_userteamlog"}}, {"model": "auth.permission", "pk": 494, "fields": {"name": "Can change user team log", "content_type": 165, "codename": "change_userteamlog"}}, {"model": "auth.permission", "pk": 495, "fields": {"name": "Can delete user team log", "content_type": 165, "codename": "delete_userteamlog"}}, {"model": "auth.permission", "pk": 496, "fields": {"name": "Can add board", "content_type": 166, "codename": "add_board"}}, {"model": "auth.permission", "pk": 497, "fields": {"name": "Can change board", "content_type": 166, "codename": "change_board"}}, {"model": "auth.permission", "pk": 498, "fields": {"name": "Can delete board", "content_type": 166, "codename": "delete_board"}}, {"model": "auth.permission", "pk": 499, "fields": {"name": "Can add project", "content_type": 167, "codename": "add_project"}}, {"model": "auth.permission", "pk": 500, "fields": {"name": "Can change project", "content_type": 167, "codename": "change_project"}}, {"model": "auth.permission", "pk": 501, "fields": {"name": "Can delete project", "content_type": 167, "codename": "delete_project"}}, {"model": "auth.permission", "pk": 502, "fields": {"name": "Can add column", "content_type": 168, "codename": "add_column"}}, {"model": "auth.permission", "pk": 503, "fields": {"name": "Can change column", "content_type": 168, "codename": "change_column"}}, {"model": "auth.permission", "pk": 504, "fields": {"name": "Can delete column", "content_type": 168, "codename": "delete_column"}}, {"model": "auth.permission", "pk": 505, "fields": {"name": "Can add card type", "content_type": 169, "codename": "add_cardtype"}}, {"model": "auth.permission", "pk": 506, "fields": {"name": "Can change card type", "content_type": 169, "codename": "change_cardtype"}}, {"model": "auth.permission", "pk": 507, "fields": {"name": "Can delete card type", "content_type": 169, "codename": "delete_cardtype"}}, {"model": "auth.permission", "pk": 508, "fields": {"name": "Can add card", "content_type": 170, "codename": "add_card"}}, {"model": "auth.permission", "pk": 509, "fields": {"name": "Can change card", "content_type": 170, "codename": "change_card"}}, {"model": "auth.permission", "pk": 510, "fields": {"name": "Can delete card", "content_type": 170, "codename": "delete_card"}}, {"model": "auth.permission", "pk": 511, "fields": {"name": "Can add card log", "content_type": 171, "codename": "add_cardlog"}}, {"model": "auth.permission", "pk": 512, "fields": {"name": "Can change card log", "content_type": 171, "codename": "change_cardlog"}}, {"model": "auth.permission", "pk": 513, "fields": {"name": "Can delete card log", "content_type": 171, "codename": "delete_cardlog"}}]