[
{
    "model": "app.userrole",
    "pk": 1,
    "fields": {}
},
{
    "model": "app.userrole",
    "pk": 2,
    "fields": {}
},
{
    "model": "app.userrole",
    "pk": 3,
    "fields": {}
},
{
    "model": "app.userrole",
    "pk": 4,
    "fields": {}
},
{
    "model": "app.teamrole",
    "pk": 2,
    "fields": {}
},
{
    "model": "app.teamrole",
    "pk": 3,
    "fields": {}
},
{
    "model": "app.teamrole",
    "pk": 4,
    "fields": {}
},
{
    "model": "app.setting",
    "pk": 11,
    "fields": {
        "key": "ip_lock_time",
        "value": "1"
    }
},
{
    "model": "app.setting",
    "pk": 12,
    "fields": {
        "key": "max_attempts",
        "value": "3"
    }
},
{
    "model": "app.user",
    "pk": 41,
    "fields": {
        "password": "pbkdf2_sha256$100000$jE1WKKt8b9mJ$o7G9ObcsIi6vWS1doNw8NBzlDcGP6x2e8Wh6mhrX1Sw=",
        "last_login": null,
        "email": "admin@demo.com",
        "first_name": "Ad",
        "last_name": "Min",
        "is_active": true,
        "is_admin": true,
        "is_staff": true,
        "is_superuser": true,
        "roles": [
            1
        ]
    }
},
{
    "model": "app.user",
    "pk": 42,
    "fields": {
        "password": "pbkdf2_sha256$100000$6el6cyxc8J7V$GO0NGUvJwxzIbA9Y48sBuulrUrbGcha9SzJpI7XBYkU=",
        "last_login": null,
        "email": "dev1@demo.com",
        "first_name": "Dev",
        "last_name": "Ena",
        "is_active": true,
        "is_admin": false,
        "is_staff": false,
        "is_superuser": false,
        "roles": [
            3,
            4
        ]
    }
},
{
    "model": "app.user",
    "pk": 43,
    "fields": {
        "password": "pbkdf2_sha256$100000$kGouC6pIQ48D$pSey0jEPudptFAp2kI+bkTHhGpHUhf1EO/GfCO6vSR8=",
        "last_login": null,
        "email": "dev2@demo.com",
        "first_name": "Dev",
        "last_name": "Dve",
        "is_active": true,
        "is_admin": false,
        "is_staff": false,
        "is_superuser": false,
        "roles": [
            4
        ]
    }
},
{
    "model": "app.user",
    "pk": 44,
    "fields": {
        "password": "pbkdf2_sha256$100000$qn8acqABpFqc$nKBKBxb+DYr/MjbLvq3REvd5wHek87mkP7m+65+ZVZA=",
        "last_login": null,
        "email": "dev3@demo.com",
        "first_name": "Dev",
        "last_name": "Tri",
        "is_active": true,
        "is_admin": false,
        "is_staff": false,
        "is_superuser": false,
        "roles": [
            4
        ]
    }
},
{
    "model": "app.user",
    "pk": 45,
    "fields": {
        "password": "pbkdf2_sha256$100000$Np0fyxJ8x05l$c6E7xacDaY7nj7pC7nOFKgSrv7aPlh+GPnnP+HnJo6I=",
        "last_login": null,
        "email": "dev4@demo.com",
        "first_name": "Dev",
        "last_name": "\u0160ter",
        "is_active": true,
        "is_admin": false,
        "is_staff": false,
        "is_superuser": false,
        "roles": [
            4
        ]
    }
},
{
    "model": "app.user",
    "pk": 46,
    "fields": {
        "password": "pbkdf2_sha256$100000$EfNMGvLPBOrF$sRp0JenSRMjQ62rlXqSnv86cxaCGleFoPw3IcoVVUCg=",
        "last_login": null,
        "email": "dev5@demo.com",
        "first_name": "Dev",
        "last_name": "Pet",
        "is_active": true,
        "is_admin": false,
        "is_staff": false,
        "is_superuser": false,
        "roles": [
            4
        ]
    }
},
{
    "model": "app.user",
    "pk": 47,
    "fields": {
        "password": "pbkdf2_sha256$100000$WUio1EsRy8Vj$G15HUn7my3y8SGfBXvO8lu+HoFMEzJCovlRQ4eJYaZA=",
        "last_login": null,
        "email": "km@demo.com",
        "first_name": "K",
        "last_name": "M",
        "is_active": true,
        "is_admin": false,
        "is_staff": false,
        "is_superuser": false,
        "roles": [
            3
        ]
    }
},
{
    "model": "app.user",
    "pk": 48,
    "fields": {
        "password": "pbkdf2_sha256$100000$74zUsRnTBdsX$Qe8luHEr+TetYzy+Ut+IPJUoMmKTWJUQgbAfsoaCxB4=",
        "last_login": null,
        "email": "po@demo.com",
        "first_name": "P",
        "last_name": "O",
        "is_active": true,
        "is_admin": false,
        "is_staff": false,
        "is_superuser": false,
        "roles": [
            2,
            4
        ]
    }
},
{
    "model": "app.user",
    "pk": 49,
    "fields": {
        "password": "pbkdf2_sha256$100000$SeNckMNXT2XD$LOE/wFVv5SXY432OSypG1HaDG8CJj6e7Psghb03OhlY=",
        "last_login": null,
        "email": "wildcard@demo.com",
        "first_name": "Wild",
        "last_name": "Card",
        "is_active": true,
        "is_admin": false,
        "is_staff": false,
        "is_superuser": false,
        "roles": [
            1,
            2,
            3,
            4
        ]
    }
},
{
    "model": "app.user",
    "pk": 50,
    "fields": {
        "password": "pbkdf2_sha256$100000$QNzOEO2WvuQb$WXJmrYXPe3Wj+CTOqoNGChLkkgB13Q2TeuwR8+079zY=",
        "last_login": null,
        "email": "po2@demo.com",
        "first_name": "Prod",
        "last_name": "Ownr",
        "is_active": true,
        "is_admin": false,
        "is_staff": false,
        "is_superuser": false,
        "roles": [
            2
        ]
    }
},
{
    "model": "app.team",
    "pk": 17,
    "fields": {
        "kanban_master": [
            "km@demo.com"
        ],
        "product_owner": [
            "po@demo.com"
        ],
        "name": "t1"
    }
},
{
    "model": "app.team",
    "pk": 18,
    "fields": {
        "kanban_master": [
            "dev1@demo.com"
        ],
        "product_owner": [
            "po@demo.com"
        ],
        "name": "t2"
    }
},
{
    "model": "app.team",
    "pk": 19,
    "fields": {
        "kanban_master": [
            "wildcard@demo.com"
        ],
        "product_owner": [
            "po2@demo.com"
        ],
        "name": "t3"
    }
},
{
    "model": "app.team",
    "pk": 20,
    "fields": {
        "kanban_master": [
            "km@demo.com"
        ],
        "product_owner": [
            "wildcard@demo.com"
        ],
        "name": "t4"
    }
},
{
    "model": "app.userteam",
    "pk": 68,
    "fields": {
        "member": [
            "km@demo.com"
        ],
        "team": 17,
        "role": 3,
        "is_active": true
    }
},
{
    "model": "app.userteam",
    "pk": 69,
    "fields": {
        "member": [
            "po@demo.com"
        ],
        "team": 17,
        "role": 2,
        "is_active": true
    }
},
{
    "model": "app.userteam",
    "pk": 70,
    "fields": {
        "member": [
            "dev1@demo.com"
        ],
        "team": 17,
        "role": 4,
        "is_active": true
    }
},
{
    "model": "app.userteam",
    "pk": 71,
    "fields": {
        "member": [
            "dev2@demo.com"
        ],
        "team": 17,
        "role": 4,
        "is_active": true
    }
},
{
    "model": "app.userteam",
    "pk": 72,
    "fields": {
        "member": [
            "po@demo.com"
        ],
        "team": 17,
        "role": 4,
        "is_active": true
    }
},
{
    "model": "app.userteam",
    "pk": 73,
    "fields": {
        "member": [
            "dev2@demo.com"
        ],
        "team": 18,
        "role": 4,
        "is_active": true
    }
},
{
    "model": "app.userteam",
    "pk": 74,
    "fields": {
        "member": [
            "dev1@demo.com"
        ],
        "team": 18,
        "role": 3,
        "is_active": true
    }
},
{
    "model": "app.userteam",
    "pk": 75,
    "fields": {
        "member": [
            "po@demo.com"
        ],
        "team": 18,
        "role": 2,
        "is_active": true
    }
},
{
    "model": "app.userteam",
    "pk": 76,
    "fields": {
        "member": [
            "wildcard@demo.com"
        ],
        "team": 19,
        "role": 3,
        "is_active": true
    }
},
{
    "model": "app.userteam",
    "pk": 77,
    "fields": {
        "member": [
            "po2@demo.com"
        ],
        "team": 19,
        "role": 2,
        "is_active": true
    }
},
{
    "model": "app.userteam",
    "pk": 78,
    "fields": {
        "member": [
            "dev3@demo.com"
        ],
        "team": 19,
        "role": 4,
        "is_active": true
    }
},
{
    "model": "app.userteam",
    "pk": 79,
    "fields": {
        "member": [
            "dev4@demo.com"
        ],
        "team": 19,
        "role": 4,
        "is_active": true
    }
},
{
    "model": "app.userteam",
    "pk": 80,
    "fields": {
        "member": [
            "wildcard@demo.com"
        ],
        "team": 19,
        "role": 4,
        "is_active": true
    }
},
{
    "model": "app.userteam",
    "pk": 81,
    "fields": {
        "member": [
            "km@demo.com"
        ],
        "team": 20,
        "role": 3,
        "is_active": true
    }
},
{
    "model": "app.userteam",
    "pk": 82,
    "fields": {
        "member": [
            "wildcard@demo.com"
        ],
        "team": 20,
        "role": 2,
        "is_active": true
    }
},
{
    "model": "app.userteam",
    "pk": 83,
    "fields": {
        "member": [
            "po@demo.com"
        ],
        "team": 20,
        "role": 4,
        "is_active": true
    }
},
{
    "model": "app.userteam",
    "pk": 84,
    "fields": {
        "member": [
            "wildcard@demo.com"
        ],
        "team": 20,
        "role": 4,
        "is_active": true
    }
},
{
    "model": "app.userteamlog",
    "pk": 60,
    "fields": {
        "userteam": 68,
        "action": "Uporabnik ustvarjen.",
        "timestamp": "2018-04-09T18:12:10.767Z"
    }
},
{
    "model": "app.userteamlog",
    "pk": 61,
    "fields": {
        "userteam": 69,
        "action": "Uporabnik ustvarjen.",
        "timestamp": "2018-04-09T18:12:10.882Z"
    }
},
{
    "model": "app.userteamlog",
    "pk": 62,
    "fields": {
        "userteam": 70,
        "action": "Uporabnik ustvarjen.",
        "timestamp": "2018-04-09T18:12:10.996Z"
    }
},
{
    "model": "app.userteamlog",
    "pk": 63,
    "fields": {
        "userteam": 71,
        "action": "Uporabnik ustvarjen.",
        "timestamp": "2018-04-09T18:12:11.110Z"
    }
},
{
    "model": "app.userteamlog",
    "pk": 64,
    "fields": {
        "userteam": 72,
        "action": "Uporabnik ustvarjen.",
        "timestamp": "2018-04-09T18:12:11.219Z"
    }
},
{
    "model": "app.userteamlog",
    "pk": 65,
    "fields": {
        "userteam": 73,
        "action": "Uporabnik ustvarjen.",
        "timestamp": "2018-04-09T18:12:11.328Z"
    }
},
{
    "model": "app.userteamlog",
    "pk": 66,
    "fields": {
        "userteam": 74,
        "action": "Uporabnik ustvarjen.",
        "timestamp": "2018-04-09T18:12:11.438Z"
    }
},
{
    "model": "app.userteamlog",
    "pk": 67,
    "fields": {
        "userteam": 75,
        "action": "Uporabnik ustvarjen.",
        "timestamp": "2018-04-09T18:12:11.554Z"
    }
},
{
    "model": "app.userteamlog",
    "pk": 68,
    "fields": {
        "userteam": 76,
        "action": "Uporabnik ustvarjen.",
        "timestamp": "2018-04-09T18:12:11.665Z"
    }
},
{
    "model": "app.userteamlog",
    "pk": 69,
    "fields": {
        "userteam": 77,
        "action": "Uporabnik ustvarjen.",
        "timestamp": "2018-04-09T18:12:11.775Z"
    }
},
{
    "model": "app.userteamlog",
    "pk": 70,
    "fields": {
        "userteam": 78,
        "action": "Uporabnik ustvarjen.",
        "timestamp": "2018-04-09T18:12:11.885Z"
    }
},
{
    "model": "app.userteamlog",
    "pk": 71,
    "fields": {
        "userteam": 79,
        "action": "Uporabnik ustvarjen.",
        "timestamp": "2018-04-09T18:12:11.989Z"
    }
},
{
    "model": "app.userteamlog",
    "pk": 72,
    "fields": {
        "userteam": 80,
        "action": "Uporabnik ustvarjen.",
        "timestamp": "2018-04-09T18:12:12.097Z"
    }
},
{
    "model": "app.userteamlog",
    "pk": 73,
    "fields": {
        "userteam": 81,
        "action": "Uporabnik ustvarjen.",
        "timestamp": "2018-04-09T18:12:12.215Z"
    }
},
{
    "model": "app.userteamlog",
    "pk": 74,
    "fields": {
        "userteam": 82,
        "action": "Uporabnik ustvarjen.",
        "timestamp": "2018-04-09T18:12:12.325Z"
    }
},
{
    "model": "app.userteamlog",
    "pk": 75,
    "fields": {
        "userteam": 83,
        "action": "Uporabnik ustvarjen.",
        "timestamp": "2018-04-09T18:12:12.438Z"
    }
},
{
    "model": "app.userteamlog",
    "pk": 76,
    "fields": {
        "userteam": 84,
        "action": "Uporabnik ustvarjen.",
        "timestamp": "2018-04-09T18:12:12.555Z"
    }
},
{
    "model": "app.board",
    "pk": 6,
    "fields": {
        "name": "Tabla 1"
    }
},
{
    "model": "app.project",
    "pk": 17,
    "fields": {
        "team": 17,
        "board": 6,
        "name": "Projekt 1 (s karticami)",
        "project_code": "PR-01",
        "customer": "Mahnic",
        "date_start": "2018-04-09",
        "date_end": "2018-10-20",
        "is_active": true
    }
},
{
    "model": "app.project",
    "pk": 18,
    "fields": {
        "team": 17,
        "board": 6,
        "name": "Projekt 2 (s karticami)",
        "project_code": "PR-02",
        "customer": "Furst",
        "date_start": "2018-04-09",
        "date_end": "2018-12-20",
        "is_active": true
    }
},
{
    "model": "app.project",
    "pk": 19,
    "fields": {
        "team": 18,
        "board": 6,
        "name": "Projekt 3",
        "project_code": "PR-03",
        "customer": "Podgor\u0161ek",
        "date_start": "2018-04-09",
        "date_end": "2018-12-25",
        "is_active": true
    }
},
{
    "model": "app.project",
    "pk": 20,
    "fields": {
        "team": 19,
        "board": 6,
        "name": "Projekt 4",
        "project_code": "PR-04",
        "customer": "Smolej",
        "date_start": "2018-04-09",
        "date_end": "2018-11-25",
        "is_active": true
    }
},
{
    "model": "app.column",
    "pk": "",
    "fields": {
        "board": 6,
        "name": "Stolpec 3",
        "position": 1,
        "wip": 5,
        "type": "Tip stolpca 3",
        "parent": ""
    }
},
{
    "model": "app.cardtype",
    "pk": 0,
    "fields": {}
},
{
    "model": "app.cardtype",
    "pk": 1,
    "fields": {}
},
{
    "model": "app.card",
    "pk": 16,
    "fields": {
        "column": "",
        "type": 0,
        "description": "Mellow",
        "name": "To je ime kartice",
        "estimate": 3.5,
        "project": 17,
        "expiration": "2018-04-14T18:11:59.496Z"
    }
},
{
    "model": "app.card",
    "pk": 17,
    "fields": {
        "column": "",
        "type": 0,
        "description": "Meowww",
        "name": "To je kartica",
        "estimate": 1.0,
        "project": 18,
        "expiration": "2018-04-14T18:11:59.496Z"
    }
},
{
    "model": "app.card",
    "pk": 18,
    "fields": {
        "column": "",
        "type": 1,
        "description": "Meowing all over the world.",
        "name": "Bllll",
        "estimate": 666.0,
        "project": 18,
        "expiration": "2018-04-14T18:11:59.496Z"
    }
},
{
    "model": "app.cardlog",
    "pk": 21,
    "fields": {
        "card": 16,
        "from_column": "",
        "to_column": "",
        "action": "Premik1",
        "timestamp": "2018-04-09T18:12:13.404Z"
    }
},
{
    "model": "app.cardlog",
    "pk": 22,
    "fields": {
        "card": 16,
        "from_column": "",
        "to_column": "",
        "action": "Premik2",
        "timestamp": "2018-04-09T18:12:13.446Z"
    }
},
{
    "model": "app.cardlog",
    "pk": 23,
    "fields": {
        "card": 16,
        "from_column": "",
        "to_column": "",
        "action": "Premik3",
        "timestamp": "2018-04-09T18:12:13.482Z"
    }
},
{
    "model": "app.cardlog",
    "pk": 24,
    "fields": {
        "card": 18,
        "from_column": "",
        "to_column": "",
        "action": "Premik4",
        "timestamp": "2018-04-09T18:12:13.521Z"
    }
}
]
