[
{
    "model": "app.userrole",
    "pk": 1,
    "fields": {}
},
{
    "model": "app.userrole",
    "pk": 2,
    "fields": {}
},
{
    "model": "app.userrole",
    "pk": 3,
    "fields": {}
},
{
    "model": "app.userrole",
    "pk": 4,
    "fields": {}
},
{
    "model": "app.teamrole",
    "pk": 2,
    "fields": {}
},
{
    "model": "app.teamrole",
    "pk": 3,
    "fields": {}
},
{
    "model": "app.teamrole",
    "pk": 4,
    "fields": {}
},
{
    "model": "app.setting",
    "pk": "ip_lock_time",
    "fields": {
        "value": "1"
    }
},
{
    "model": "app.setting",
    "pk": "max_attempts",
    "fields": {
        "value": "3"
    }
},
{
    "model": "app.user",
    "pk": 1,
    "fields": {
        "password": "pbkdf2_sha256$100000$IpdJchpxrnfS$vXXKlm4SOmIj9ovNLroEZdK8yCJqYJ5Di81gZIIwSak=",
        "last_login": null,
        "email": "admin@demo.com",
        "first_name": "Ad",
        "last_name": "Min",
        "is_active": true,
        "is_admin": true,
        "default_board_id": null,
        "is_staff": true,
        "is_superuser": true,
        "roles": [
            1
        ]
    }
},
{
    "model": "app.user",
    "pk": 2,
    "fields": {
        "password": "pbkdf2_sha256$100000$33Yut3VZvWFX$YuPSXknamU0oZ1C+D/YOS5QyCQlgWCGGjWlWieSkgy4=",
        "last_login": null,
        "email": "dev1@demo.com",
        "first_name": "Dev",
        "last_name": "Ena",
        "is_active": true,
        "is_admin": false,
        "default_board_id": null,
        "is_staff": false,
        "is_superuser": false,
        "roles": [
            3,
            4
        ]
    }
},
{
    "model": "app.user",
    "pk": 3,
    "fields": {
        "password": "pbkdf2_sha256$100000$pidFVqsyyjhQ$pyVDdpp6wUxcjJYNVAbggsgdPX+sVXh/13LVkLWNlak=",
        "last_login": null,
        "email": "dev2@demo.com",
        "first_name": "Dev",
        "last_name": "Dve",
        "is_active": true,
        "is_admin": false,
        "default_board_id": null,
        "is_staff": false,
        "is_superuser": false,
        "roles": [
            4
        ]
    }
},
{
    "model": "app.user",
    "pk": 4,
    "fields": {
        "password": "pbkdf2_sha256$100000$61zdrsq1Fn3D$E6sx3GeUie+VfNjAprbjfoE0JMgGfbu6Fz3mrmZAPzU=",
        "last_login": null,
        "email": "dev3@demo.com",
        "first_name": "Dev",
        "last_name": "Tri",
        "is_active": true,
        "is_admin": false,
        "default_board_id": null,
        "is_staff": false,
        "is_superuser": false,
        "roles": [
            4
        ]
    }
},
{
    "model": "app.user",
    "pk": 5,
    "fields": {
        "password": "pbkdf2_sha256$100000$WodicXHJZaqk$v0vP6E7PoPhK8nFcc8pDZih+SPu8fviBsDcZbZC1hH0=",
        "last_login": null,
        "email": "dev4@demo.com",
        "first_name": "Dev",
        "last_name": "\u0160ter",
        "is_active": true,
        "is_admin": false,
        "default_board_id": null,
        "is_staff": false,
        "is_superuser": false,
        "roles": [
            4
        ]
    }
},
{
    "model": "app.user",
    "pk": 6,
    "fields": {
        "password": "pbkdf2_sha256$100000$BcVEVrlDVUyB$hHF8qxYTYXDWydCVKj3zG3NFYuaV5B5fxfmupaV5myE=",
        "last_login": null,
        "email": "dev5@demo.com",
        "first_name": "Dev",
        "last_name": "Pet",
        "is_active": true,
        "is_admin": false,
        "default_board_id": null,
        "is_staff": false,
        "is_superuser": false,
        "roles": [
            4
        ]
    }
},
{
    "model": "app.user",
    "pk": 7,
    "fields": {
        "password": "pbkdf2_sha256$100000$1E58nPTJ0RsT$G7hMwLGMmPxMFO3/WmGhLFEoloknNI08x83aWFiXt3w=",
        "last_login": null,
        "email": "km@demo.com",
        "first_name": "K",
        "last_name": "M",
        "is_active": true,
        "is_admin": false,
        "default_board_id": null,
        "is_staff": false,
        "is_superuser": false,
        "roles": [
            3
        ]
    }
},
{
    "model": "app.user",
    "pk": 8,
    "fields": {
        "password": "pbkdf2_sha256$100000$pvZEWgFDGG9x$lMMZRS7DfPMpLhYnSYTFHyAir8FDt+v/40SSna+Jx68=",
        "last_login": null,
        "email": "po@demo.com",
        "first_name": "P",
        "last_name": "O",
        "is_active": true,
        "is_admin": false,
        "default_board_id": null,
        "is_staff": false,
        "is_superuser": false,
        "roles": [
            2,
            4
        ]
    }
},
{
    "model": "app.user",
    "pk": 9,
    "fields": {
        "password": "pbkdf2_sha256$100000$6U8tkrDIblLW$QyRhK+Gp+61n3EK7HAg0yMWEJV6Mw7oThy4sx/AJyyY=",
        "last_login": null,
        "email": "wildcard@demo.com",
        "first_name": "Wild",
        "last_name": "Card",
        "is_active": true,
        "is_admin": false,
        "default_board_id": null,
        "is_staff": false,
        "is_superuser": false,
        "roles": [
            1,
            2,
            3,
            4
        ]
    }
},
{
    "model": "app.user",
    "pk": 10,
    "fields": {
        "password": "pbkdf2_sha256$100000$KWTmqW4PLCBi$TxbtGUS3HEZ4Kdf8CwtpTGsYDBNlG8pGBrKjGppbMzw=",
        "last_login": null,
        "email": "po2@demo.com",
        "first_name": "Prod",
        "last_name": "Ownr",
        "is_active": true,
        "is_admin": false,
        "default_board_id": null,
        "is_staff": false,
        "is_superuser": false,
        "roles": [
            2
        ]
    }
},
{
    "model": "app.team",
    "pk": 1,
    "fields": {
        "kanban_master": [
            "km@demo.com"
        ],
        "product_owner": [
            "po@demo.com"
        ],
        "name": "t1"
    }
},
{
    "model": "app.team",
    "pk": 2,
    "fields": {
        "kanban_master": [
            "dev1@demo.com"
        ],
        "product_owner": [
            "po@demo.com"
        ],
        "name": "t2"
    }
},
{
    "model": "app.team",
    "pk": 3,
    "fields": {
        "kanban_master": [
            "wildcard@demo.com"
        ],
        "product_owner": [
            "po2@demo.com"
        ],
        "name": "t3"
    }
},
{
    "model": "app.team",
    "pk": 4,
    "fields": {
        "kanban_master": [
            "km@demo.com"
        ],
        "product_owner": [
            "wildcard@demo.com"
        ],
        "name": "t4"
    }
},
{
    "model": "app.userteam",
    "pk": 1,
    "fields": {
        "member": [
            "km@demo.com"
        ],
        "team": 1,
        "role": 3,
        "is_active": true
    }
},
{
    "model": "app.userteam",
    "pk": 2,
    "fields": {
        "member": [
            "po@demo.com"
        ],
        "team": 1,
        "role": 2,
        "is_active": true
    }
},
{
    "model": "app.userteam",
    "pk": 3,
    "fields": {
        "member": [
            "dev1@demo.com"
        ],
        "team": 1,
        "role": 4,
        "is_active": true
    }
},
{
    "model": "app.userteam",
    "pk": 4,
    "fields": {
        "member": [
            "dev2@demo.com"
        ],
        "team": 1,
        "role": 4,
        "is_active": true
    }
},
{
    "model": "app.userteam",
    "pk": 5,
    "fields": {
        "member": [
            "po@demo.com"
        ],
        "team": 1,
        "role": 4,
        "is_active": true
    }
},
{
    "model": "app.userteam",
    "pk": 6,
    "fields": {
        "member": [
            "dev2@demo.com"
        ],
        "team": 2,
        "role": 4,
        "is_active": true
    }
},
{
    "model": "app.userteam",
    "pk": 7,
    "fields": {
        "member": [
            "dev1@demo.com"
        ],
        "team": 2,
        "role": 3,
        "is_active": true
    }
},
{
    "model": "app.userteam",
    "pk": 8,
    "fields": {
        "member": [
            "po@demo.com"
        ],
        "team": 2,
        "role": 2,
        "is_active": true
    }
},
{
    "model": "app.userteam",
    "pk": 9,
    "fields": {
        "member": [
            "wildcard@demo.com"
        ],
        "team": 3,
        "role": 3,
        "is_active": true
    }
},
{
    "model": "app.userteam",
    "pk": 10,
    "fields": {
        "member": [
            "po2@demo.com"
        ],
        "team": 3,
        "role": 2,
        "is_active": true
    }
},
{
    "model": "app.userteam",
    "pk": 11,
    "fields": {
        "member": [
            "dev3@demo.com"
        ],
        "team": 3,
        "role": 4,
        "is_active": true
    }
},
{
    "model": "app.userteam",
    "pk": 12,
    "fields": {
        "member": [
            "dev4@demo.com"
        ],
        "team": 3,
        "role": 4,
        "is_active": true
    }
},
{
    "model": "app.userteam",
    "pk": 13,
    "fields": {
        "member": [
            "wildcard@demo.com"
        ],
        "team": 3,
        "role": 4,
        "is_active": true
    }
},
{
    "model": "app.userteam",
    "pk": 14,
    "fields": {
        "member": [
            "km@demo.com"
        ],
        "team": 4,
        "role": 3,
        "is_active": true
    }
},
{
    "model": "app.userteam",
    "pk": 15,
    "fields": {
        "member": [
            "wildcard@demo.com"
        ],
        "team": 4,
        "role": 2,
        "is_active": true
    }
},
{
    "model": "app.userteam",
    "pk": 16,
    "fields": {
        "member": [
            "po@demo.com"
        ],
        "team": 4,
        "role": 4,
        "is_active": true
    }
},
{
    "model": "app.userteam",
    "pk": 17,
    "fields": {
        "member": [
            "wildcard@demo.com"
        ],
        "team": 4,
        "role": 4,
        "is_active": true
    }
},
{
    "model": "app.userteamlog",
    "pk": 1,
    "fields": {
        "userteam": 1,
        "action": "Uporabnik ustvarjen.",
        "timestamp": "2018-05-03T16:01:39.676Z"
    }
},
{
    "model": "app.userteamlog",
    "pk": 2,
    "fields": {
        "userteam": 2,
        "action": "Uporabnik ustvarjen.",
        "timestamp": "2018-05-03T16:01:39.782Z"
    }
},
{
    "model": "app.userteamlog",
    "pk": 3,
    "fields": {
        "userteam": 3,
        "action": "Uporabnik ustvarjen.",
        "timestamp": "2018-05-03T16:01:39.891Z"
    }
},
{
    "model": "app.userteamlog",
    "pk": 4,
    "fields": {
        "userteam": 4,
        "action": "Uporabnik ustvarjen.",
        "timestamp": "2018-05-03T16:01:40.006Z"
    }
},
{
    "model": "app.userteamlog",
    "pk": 5,
    "fields": {
        "userteam": 5,
        "action": "Uporabnik ustvarjen.",
        "timestamp": "2018-05-03T16:01:40.109Z"
    }
},
{
    "model": "app.userteamlog",
    "pk": 6,
    "fields": {
        "userteam": 6,
        "action": "Uporabnik ustvarjen.",
        "timestamp": "2018-05-03T16:01:40.220Z"
    }
},
{
    "model": "app.userteamlog",
    "pk": 7,
    "fields": {
        "userteam": 7,
        "action": "Uporabnik ustvarjen.",
        "timestamp": "2018-05-03T16:01:40.325Z"
    }
},
{
    "model": "app.userteamlog",
    "pk": 8,
    "fields": {
        "userteam": 8,
        "action": "Uporabnik ustvarjen.",
        "timestamp": "2018-05-03T16:01:40.433Z"
    }
},
{
    "model": "app.userteamlog",
    "pk": 9,
    "fields": {
        "userteam": 9,
        "action": "Uporabnik ustvarjen.",
        "timestamp": "2018-05-03T16:01:40.535Z"
    }
},
{
    "model": "app.userteamlog",
    "pk": 10,
    "fields": {
        "userteam": 10,
        "action": "Uporabnik ustvarjen.",
        "timestamp": "2018-05-03T16:01:40.637Z"
    }
},
{
    "model": "app.userteamlog",
    "pk": 11,
    "fields": {
        "userteam": 11,
        "action": "Uporabnik ustvarjen.",
        "timestamp": "2018-05-03T16:01:40.740Z"
    }
},
{
    "model": "app.userteamlog",
    "pk": 12,
    "fields": {
        "userteam": 12,
        "action": "Uporabnik ustvarjen.",
        "timestamp": "2018-05-03T16:01:40.851Z"
    }
},
{
    "model": "app.userteamlog",
    "pk": 13,
    "fields": {
        "userteam": 13,
        "action": "Uporabnik ustvarjen.",
        "timestamp": "2018-05-03T16:01:40.962Z"
    }
},
{
    "model": "app.userteamlog",
    "pk": 14,
    "fields": {
        "userteam": 14,
        "action": "Uporabnik ustvarjen.",
        "timestamp": "2018-05-03T16:01:41.070Z"
    }
},
{
    "model": "app.userteamlog",
    "pk": 15,
    "fields": {
        "userteam": 15,
        "action": "Uporabnik ustvarjen.",
        "timestamp": "2018-05-03T16:01:41.172Z"
    }
},
{
    "model": "app.userteamlog",
    "pk": 16,
    "fields": {
        "userteam": 16,
        "action": "Uporabnik ustvarjen.",
        "timestamp": "2018-05-03T16:01:41.283Z"
    }
},
{
    "model": "app.userteamlog",
    "pk": 17,
    "fields": {
        "userteam": 17,
        "action": "Uporabnik ustvarjen.",
        "timestamp": "2018-05-03T16:01:41.385Z"
    }
},
{
    "model": "app.project",
    "pk": 1,
    "fields": {
        "team": 1,
        "board": null,
        "name": "Projekt 1 (s karticami)",
        "project_code": "PR-01",
        "customer": "Mahnic",
        "date_start": "2018-05-03",
        "date_end": "2018-10-20",
        "is_active": true
    }
},
{
    "model": "app.project",
    "pk": 2,
    "fields": {
        "team": 1,
        "board": null,
        "name": "Projekt 2 (s karticami)",
        "project_code": "PR-02",
        "customer": "Furst",
        "date_start": "2018-05-03",
        "date_end": "2018-12-20",
        "is_active": true
    }
},
{
    "model": "app.project",
    "pk": 3,
    "fields": {
        "team": 2,
        "board": null,
        "name": "Projekt 3",
        "project_code": "PR-03",
        "customer": "Podgor\u0161ek",
        "date_start": "2018-05-03",
        "date_end": "2018-12-25",
        "is_active": true
    }
},
{
    "model": "app.project",
    "pk": 4,
    "fields": {
        "team": 3,
        "board": null,
        "name": "Projekt 4",
        "project_code": "PR-04",
        "customer": "Smolej",
        "date_start": "2018-05-03",
        "date_end": "2018-11-25",
        "is_active": true
    }
},
{
    "model": "app.cardtype",
    "pk": 0,
    "fields": {}
},
{
    "model": "app.cardtype",
    "pk": 1,
    "fields": {}
}
]
