[
{
    "model": "app.userrole",
    "pk": 1,
    "fields": {}
},
{
    "model": "app.userrole",
    "pk": 2,
    "fields": {}
},
{
    "model": "app.userrole",
    "pk": 3,
    "fields": {}
},
{
    "model": "app.userrole",
    "pk": 4,
    "fields": {}
},
{
    "model": "app.teamrole",
    "pk": 2,
    "fields": {}
},
{
    "model": "app.teamrole",
    "pk": 3,
    "fields": {}
},
{
    "model": "app.teamrole",
    "pk": 4,
    "fields": {}
},
{
    "model": "app.setting",
    "pk": 1,
    "fields": {
        "key": "ip_lock_time",
        "value": "1"
    }
},
{
    "model": "app.setting",
    "pk": 2,
    "fields": {
        "key": "max_attempts",
        "value": "3"
    }
},
{
    "model": "app.user",
    "pk": 1,
    "fields": {
        "password": "pbkdf2_sha256$100000$4aWvrikTo8iO$myEXz2zSa45C3RieEPhhLoNsKI2+R8N+eEtp2FheRk4=",
        "last_login": null,
        "email": "admin@demo.com",
        "first_name": "Ad",
        "last_name": "Min",
        "is_active": true,
        "is_admin": true,
        "is_staff": true,
        "is_superuser": true,
        "roles": [
            1
        ]
    }
},
{
    "model": "app.user",
    "pk": 2,
    "fields": {
        "password": "pbkdf2_sha256$100000$tP6CKinekOd3$c1Dm2Nlb5VIMCqVQgg/aQRZrDMrhMqWSFTNWejthfeM=",
        "last_login": null,
        "email": "dev1@demo.com",
        "first_name": "Dev",
        "last_name": "Ena",
        "is_active": true,
        "is_admin": false,
        "is_staff": false,
        "is_superuser": false,
        "roles": [
            3,
            4
        ]
    }
},
{
    "model": "app.user",
    "pk": 3,
    "fields": {
        "password": "pbkdf2_sha256$100000$N9PWkkKB84Pt$kkMzU5A1OGqDH3Unc5jke3Kn7POzl5CdID0y2RgXQkc=",
        "last_login": null,
        "email": "dev2@demo.com",
        "first_name": "Dev",
        "last_name": "Dve",
        "is_active": true,
        "is_admin": false,
        "is_staff": false,
        "is_superuser": false,
        "roles": [
            4
        ]
    }
},
{
    "model": "app.user",
    "pk": 4,
    "fields": {
        "password": "pbkdf2_sha256$100000$t3X3zGrZi3Tp$0uMz9TV8lIjUsn4U2EYHOBsTFOxCCF6RHoU/CmrMQJY=",
        "last_login": null,
        "email": "km@demo.com",
        "first_name": "K",
        "last_name": "M",
        "is_active": true,
        "is_admin": false,
        "is_staff": false,
        "is_superuser": false,
        "roles": [
            3
        ]
    }
},
{
    "model": "app.user",
    "pk": 5,
    "fields": {
        "password": "pbkdf2_sha256$100000$G6KfPIr10TbJ$QVavjRsIZ1IZhFpeIP/xgiY1F7lnQqTAcRSIVkmXI/c=",
        "last_login": null,
        "email": "po@demo.com",
        "first_name": "P",
        "last_name": "O",
        "is_active": true,
        "is_admin": false,
        "is_staff": false,
        "is_superuser": false,
        "roles": [
            2,
            4
        ]
    }
},
{
    "model": "app.team",
    "pk": 1,
    "fields": {
        "kanban_master": [
            "km@demo.com"
        ],
        "product_owner": [
            "po@demo.com"
        ],
        "name": "t1"
    }
},
{
    "model": "app.team",
    "pk": 2,
    "fields": {
        "kanban_master": [
            "dev1@demo.com"
        ],
        "product_owner": [
            "po@demo.com"
        ],
        "name": "t2"
    }
},
{
    "model": "app.userteam",
    "pk": 1,
    "fields": {
        "member": [
            "km@demo.com"
        ],
        "team": 1,
        "role": 3,
        "is_active": true
    }
},
{
    "model": "app.userteam",
    "pk": 2,
    "fields": {
        "member": [
            "po@demo.com"
        ],
        "team": 1,
        "role": 2,
        "is_active": true
    }
},
{
    "model": "app.userteam",
    "pk": 3,
    "fields": {
        "member": [
            "dev1@demo.com"
        ],
        "team": 1,
        "role": 4,
        "is_active": true
    }
},
{
    "model": "app.userteam",
    "pk": 4,
    "fields": {
        "member": [
            "dev2@demo.com"
        ],
        "team": 1,
        "role": 4,
        "is_active": true
    }
},
{
    "model": "app.userteam",
    "pk": 5,
    "fields": {
        "member": [
            "po@demo.com"
        ],
        "team": 1,
        "role": 4,
        "is_active": true
    }
},
{
    "model": "app.userteam",
    "pk": 6,
    "fields": {
        "member": [
            "dev2@demo.com"
        ],
        "team": 2,
        "role": 4,
        "is_active": true
    }
},
{
    "model": "app.userteam",
    "pk": 7,
    "fields": {
        "member": [
            "dev1@demo.com"
        ],
        "team": 2,
        "role": 3,
        "is_active": true
    }
},
{
    "model": "app.userteam",
    "pk": 8,
    "fields": {
        "member": [
            "po@demo.com"
        ],
        "team": 2,
        "role": 2,
        "is_active": true
    }
},
{
    "model": "app.userteamlog",
    "pk": 1,
    "fields": {
        "userteam": 3,
        "action": "User added to team",
        "timestamp": "2018-04-08T11:16:15.826Z"
    }
},
{
    "model": "app.userteamlog",
    "pk": 2,
    "fields": {
        "userteam": 4,
        "action": "User added to team",
        "timestamp": "2018-04-08T11:16:15.856Z"
    }
},
{
    "model": "app.userteamlog",
    "pk": 3,
    "fields": {
        "userteam": 5,
        "action": "User added to team",
        "timestamp": "2018-04-08T11:16:15.897Z"
    }
},
{
    "model": "app.userteamlog",
    "pk": 4,
    "fields": {
        "userteam": 6,
        "action": "User added to team",
        "timestamp": "2018-04-08T11:16:15.934Z"
    }
},
{
    "model": "app.board",
    "pk": 1,
    "fields": {
        "name": "Tabla 1"
    }
},
{
    "model": "app.project",
    "pk": 1,
    "fields": {
        "team": 1,
        "board": 1,
        "name": "Projekt 1",
        "project_code": "Koda 1",
        "customer": "Mahnic",
        "date_start": "2018-04-08",
        "date_end": "2018-04-13",
        "is_active": true
    }
},
{
    "model": "app.project",
    "pk": 2,
    "fields": {
        "team": 1,
        "board": 1,
        "name": "Projekt 2",
        "project_code": "Koda 2",
        "customer": "Furst",
        "date_start": "2018-04-08",
        "date_end": "2018-04-13",
        "is_active": true
    }
},
{
    "model": "app.column",
    "pk": "",
    "fields": {
        "board": 1,
        "name": "Stolpec 3",
        "position": 1,
        "wip": 5,
        "type": "Tip stolpca 3",
        "parent": ""
    }
},
{
    "model": "app.cardtype",
    "pk": 0,
    "fields": {}
},
{
    "model": "app.cardtype",
    "pk": 1,
    "fields": {}
},
{
    "model": "app.card",
    "pk": 1,
    "fields": {
        "column": "",
        "type": 0,
        "description": "Mellow",
        "name": "To je ime kartice",
        "estimate": 3.5,
        "project": null,
        "expiration": "2018-04-13T11:15:53.787Z"
    }
},
{
    "model": "app.card",
    "pk": 2,
    "fields": {
        "column": "",
        "type": 0,
        "description": "Meowww",
        "name": "To je kartica",
        "estimate": 1.0,
        "project": null,
        "expiration": "2018-04-13T11:15:53.787Z"
    }
},
{
    "model": "app.card",
    "pk": 3,
    "fields": {
        "column": "",
        "type": 1,
        "description": "Meowing all over the world.",
        "name": "Bllll",
        "estimate": 666.0,
        "project": null,
        "expiration": "2018-04-13T11:15:53.787Z"
    }
},
{
    "model": "app.cardlog",
    "pk": 1,
    "fields": {
        "card": 1,
        "from_column": "",
        "to_column": "",
        "action": "Premik1",
        "timestamp": "2018-04-08T11:16:17.823Z"
    }
},
{
    "model": "app.cardlog",
    "pk": 2,
    "fields": {
        "card": 1,
        "from_column": "",
        "to_column": "",
        "action": "Premik2",
        "timestamp": "2018-04-08T11:16:17.858Z"
    }
},
{
    "model": "app.cardlog",
    "pk": 3,
    "fields": {
        "card": 1,
        "from_column": "",
        "to_column": "",
        "action": "Premik3",
        "timestamp": "2018-04-08T11:16:17.892Z"
    }
},
{
    "model": "app.cardlog",
    "pk": 4,
    "fields": {
        "card": 3,
        "from_column": "",
        "to_column": "",
        "action": "Premik4",
        "timestamp": "2018-04-08T11:16:20.411Z"
    }
}
]
