[
{
    "model": "app.userrole",
    "pk": 1,
    "fields": {}
},
{
    "model": "app.userrole",
    "pk": 2,
    "fields": {}
},
{
    "model": "app.userrole",
    "pk": 3,
    "fields": {}
},
{
    "model": "app.userrole",
    "pk": 4,
    "fields": {}
},
{
    "model": "app.teamrole",
    "pk": 2,
    "fields": {}
},
{
    "model": "app.teamrole",
    "pk": 3,
    "fields": {}
},
{
    "model": "app.teamrole",
    "pk": 4,
    "fields": {}
},
{
    "model": "app.setting",
    "pk": "ip_lock_time",
    "fields": {
        "value": "1"
    }
},
{
    "model": "app.setting",
    "pk": "max_attempts",
    "fields": {
        "value": "3"
    }
},
{
    "model": "app.user",
    "pk": 1,
    "fields": {
        "password": "pbkdf2_sha256$100000$FyNPdzDEx6QP$0LQGdy+dXtBLVQPsUNSn0mb6R0pCgz1kpj9w/6qJOcA=",
        "last_login": null,
        "email": "admin@demo.com",
        "first_name": "Ad",
        "last_name": "Min",
        "is_active": true,
        "is_admin": true,
        "default_board_id": null,
        "is_staff": true,
        "is_superuser": true,
        "roles": [
            1
        ]
    }
},
{
    "model": "app.user",
    "pk": 2,
    "fields": {
        "password": "pbkdf2_sha256$100000$vPkORbEDRccB$Y343iBkjo/ytBa7qcy2OKWiKtVyLtVA4UmWLd5rGEzk=",
        "last_login": null,
        "email": "dev1@demo.com",
        "first_name": "Dev",
        "last_name": "Ena",
        "is_active": true,
        "is_admin": false,
        "default_board_id": null,
        "is_staff": false,
        "is_superuser": false,
        "roles": [
            3,
            4
        ]
    }
},
{
    "model": "app.user",
    "pk": 3,
    "fields": {
        "password": "pbkdf2_sha256$100000$n3J8GL1KR0Jn$PAI3n0Qmsz8/4/gl85wyQsWduBRSV1UaZppkgFWoFmw=",
        "last_login": null,
        "email": "dev2@demo.com",
        "first_name": "Dev",
        "last_name": "Dve",
        "is_active": true,
        "is_admin": false,
        "default_board_id": null,
        "is_staff": false,
        "is_superuser": false,
        "roles": [
            4
        ]
    }
},
{
    "model": "app.user",
    "pk": 4,
    "fields": {
        "password": "pbkdf2_sha256$100000$zS0uN6qUylkk$NpzSZMV+aZ+3qfYx6/o6JfeAjBVbvaPpZ+E7hv8Ro04=",
        "last_login": null,
        "email": "dev3@demo.com",
        "first_name": "Dev",
        "last_name": "Tri",
        "is_active": true,
        "is_admin": false,
        "default_board_id": null,
        "is_staff": false,
        "is_superuser": false,
        "roles": [
            4
        ]
    }
},
{
    "model": "app.user",
    "pk": 5,
    "fields": {
        "password": "pbkdf2_sha256$100000$fU5EBzgrkpXC$h6pgHFQjOfDGG/k5oeV530JmG3HD5LB0t4r0i9CiQCQ=",
        "last_login": null,
        "email": "dev4@demo.com",
        "first_name": "Dev",
        "last_name": "\u0160ter",
        "is_active": true,
        "is_admin": false,
        "default_board_id": null,
        "is_staff": false,
        "is_superuser": false,
        "roles": [
            4
        ]
    }
},
{
    "model": "app.user",
    "pk": 6,
    "fields": {
        "password": "pbkdf2_sha256$100000$8qLebXRfvgj6$uiLjsGLgEc4PG8ibJmkcRtlK09gsJzXwWX3DrLLz/78=",
        "last_login": null,
        "email": "dev5@demo.com",
        "first_name": "Dev",
        "last_name": "Pet",
        "is_active": true,
        "is_admin": false,
        "default_board_id": null,
        "is_staff": false,
        "is_superuser": false,
        "roles": [
            4
        ]
    }
},
{
    "model": "app.user",
    "pk": 7,
    "fields": {
        "password": "pbkdf2_sha256$100000$qGzk147jyRZn$+AHtEOSMjmfuaFzXlpmBFC0HLro4iexzSRVmxENgyZk=",
        "last_login": null,
        "email": "km@demo.com",
        "first_name": "K",
        "last_name": "M",
        "is_active": true,
        "is_admin": false,
        "default_board_id": null,
        "is_staff": false,
        "is_superuser": false,
        "roles": [
            3
        ]
    }
},
{
    "model": "app.user",
    "pk": 8,
    "fields": {
        "password": "pbkdf2_sha256$100000$WIwSqgOvgFgE$nh20vXVJfDoaSRRqrePwYFAMb9LuAzuqcP8rvAKVUAw=",
        "last_login": null,
        "email": "po@demo.com",
        "first_name": "P",
        "last_name": "O",
        "is_active": true,
        "is_admin": false,
        "default_board_id": null,
        "is_staff": false,
        "is_superuser": false,
        "roles": [
            2,
            4
        ]
    }
},
{
    "model": "app.user",
    "pk": 9,
    "fields": {
        "password": "pbkdf2_sha256$100000$SGEP5QEfgere$1S8dWcgvxUXMr7+62dpq6J/OPnjRtAQgeGx+6KrLsIo=",
        "last_login": null,
        "email": "wildcard@demo.com",
        "first_name": "Wild",
        "last_name": "Card",
        "is_active": true,
        "is_admin": false,
        "default_board_id": null,
        "is_staff": false,
        "is_superuser": false,
        "roles": [
            1,
            2,
            3,
            4
        ]
    }
},
{
    "model": "app.user",
    "pk": 10,
    "fields": {
        "password": "pbkdf2_sha256$100000$LLvnC4ayrcOn$wYpokuqo3Pepm1r22pBwFA9cskT7Lz0iepZu6wrZU4U=",
        "last_login": null,
        "email": "po2@demo.com",
        "first_name": "Prod",
        "last_name": "Ownr",
        "is_active": true,
        "is_admin": false,
        "default_board_id": null,
        "is_staff": false,
        "is_superuser": false,
        "roles": [
            2
        ]
    }
},
{
    "model": "app.team",
    "pk": 1,
    "fields": {
        "kanban_master": [
            "km@demo.com"
        ],
        "product_owner": [
            "po@demo.com"
        ],
        "name": "t1"
    }
},
{
    "model": "app.team",
    "pk": 2,
    "fields": {
        "kanban_master": [
            "dev1@demo.com"
        ],
        "product_owner": [
            "po@demo.com"
        ],
        "name": "t2"
    }
},
{
    "model": "app.team",
    "pk": 3,
    "fields": {
        "kanban_master": [
            "wildcard@demo.com"
        ],
        "product_owner": [
            "po2@demo.com"
        ],
        "name": "t3"
    }
},
{
    "model": "app.team",
    "pk": 4,
    "fields": {
        "kanban_master": [
            "km@demo.com"
        ],
        "product_owner": [
            "wildcard@demo.com"
        ],
        "name": "t4"
    }
},
{
    "model": "app.userteam",
    "pk": 1,
    "fields": {
        "member": [
            "km@demo.com"
        ],
        "team": 1,
        "role": 3,
        "is_active": true
    }
},
{
    "model": "app.userteam",
    "pk": 2,
    "fields": {
        "member": [
            "po@demo.com"
        ],
        "team": 1,
        "role": 2,
        "is_active": true
    }
},
{
    "model": "app.userteam",
    "pk": 3,
    "fields": {
        "member": [
            "dev1@demo.com"
        ],
        "team": 1,
        "role": 4,
        "is_active": true
    }
},
{
    "model": "app.userteam",
    "pk": 4,
    "fields": {
        "member": [
            "dev2@demo.com"
        ],
        "team": 1,
        "role": 4,
        "is_active": true
    }
},
{
    "model": "app.userteam",
    "pk": 5,
    "fields": {
        "member": [
            "po@demo.com"
        ],
        "team": 1,
        "role": 4,
        "is_active": true
    }
},
{
    "model": "app.userteam",
    "pk": 6,
    "fields": {
        "member": [
            "dev2@demo.com"
        ],
        "team": 2,
        "role": 4,
        "is_active": true
    }
},
{
    "model": "app.userteam",
    "pk": 7,
    "fields": {
        "member": [
            "dev1@demo.com"
        ],
        "team": 2,
        "role": 3,
        "is_active": true
    }
},
{
    "model": "app.userteam",
    "pk": 8,
    "fields": {
        "member": [
            "po@demo.com"
        ],
        "team": 2,
        "role": 2,
        "is_active": true
    }
},
{
    "model": "app.userteam",
    "pk": 9,
    "fields": {
        "member": [
            "wildcard@demo.com"
        ],
        "team": 3,
        "role": 3,
        "is_active": true
    }
},
{
    "model": "app.userteam",
    "pk": 10,
    "fields": {
        "member": [
            "po2@demo.com"
        ],
        "team": 3,
        "role": 2,
        "is_active": true
    }
},
{
    "model": "app.userteam",
    "pk": 11,
    "fields": {
        "member": [
            "dev3@demo.com"
        ],
        "team": 3,
        "role": 4,
        "is_active": true
    }
},
{
    "model": "app.userteam",
    "pk": 12,
    "fields": {
        "member": [
            "dev4@demo.com"
        ],
        "team": 3,
        "role": 4,
        "is_active": true
    }
},
{
    "model": "app.userteam",
    "pk": 13,
    "fields": {
        "member": [
            "wildcard@demo.com"
        ],
        "team": 3,
        "role": 4,
        "is_active": true
    }
},
{
    "model": "app.userteam",
    "pk": 14,
    "fields": {
        "member": [
            "km@demo.com"
        ],
        "team": 4,
        "role": 3,
        "is_active": true
    }
},
{
    "model": "app.userteam",
    "pk": 15,
    "fields": {
        "member": [
            "wildcard@demo.com"
        ],
        "team": 4,
        "role": 2,
        "is_active": true
    }
},
{
    "model": "app.userteam",
    "pk": 16,
    "fields": {
        "member": [
            "po@demo.com"
        ],
        "team": 4,
        "role": 4,
        "is_active": true
    }
},
{
    "model": "app.userteam",
    "pk": 17,
    "fields": {
        "member": [
            "wildcard@demo.com"
        ],
        "team": 4,
        "role": 4,
        "is_active": true
    }
},
{
    "model": "app.userteamlog",
    "pk": 1,
    "fields": {
        "userteam": 1,
        "action": "Uporabnik ustvarjen.",
        "timestamp": "2018-05-05T09:57:25.709Z"
    }
},
{
    "model": "app.userteamlog",
    "pk": 2,
    "fields": {
        "userteam": 2,
        "action": "Uporabnik ustvarjen.",
        "timestamp": "2018-05-05T09:57:25.741Z"
    }
},
{
    "model": "app.userteamlog",
    "pk": 3,
    "fields": {
        "userteam": 3,
        "action": "Uporabnik ustvarjen.",
        "timestamp": "2018-05-05T09:57:25.775Z"
    }
},
{
    "model": "app.userteamlog",
    "pk": 4,
    "fields": {
        "userteam": 4,
        "action": "Uporabnik ustvarjen.",
        "timestamp": "2018-05-05T09:57:25.808Z"
    }
},
{
    "model": "app.userteamlog",
    "pk": 5,
    "fields": {
        "userteam": 5,
        "action": "Uporabnik ustvarjen.",
        "timestamp": "2018-05-05T09:57:25.840Z"
    }
},
{
    "model": "app.userteamlog",
    "pk": 6,
    "fields": {
        "userteam": 6,
        "action": "Uporabnik ustvarjen.",
        "timestamp": "2018-05-05T09:57:25.874Z"
    }
},
{
    "model": "app.userteamlog",
    "pk": 7,
    "fields": {
        "userteam": 7,
        "action": "Uporabnik ustvarjen.",
        "timestamp": "2018-05-05T09:57:25.905Z"
    }
},
{
    "model": "app.userteamlog",
    "pk": 8,
    "fields": {
        "userteam": 8,
        "action": "Uporabnik ustvarjen.",
        "timestamp": "2018-05-05T09:57:25.937Z"
    }
},
{
    "model": "app.userteamlog",
    "pk": 9,
    "fields": {
        "userteam": 9,
        "action": "Uporabnik ustvarjen.",
        "timestamp": "2018-05-05T09:57:25.967Z"
    }
},
{
    "model": "app.userteamlog",
    "pk": 10,
    "fields": {
        "userteam": 10,
        "action": "Uporabnik ustvarjen.",
        "timestamp": "2018-05-05T09:57:26.000Z"
    }
},
{
    "model": "app.userteamlog",
    "pk": 11,
    "fields": {
        "userteam": 11,
        "action": "Uporabnik ustvarjen.",
        "timestamp": "2018-05-05T09:57:26.039Z"
    }
},
{
    "model": "app.userteamlog",
    "pk": 12,
    "fields": {
        "userteam": 12,
        "action": "Uporabnik ustvarjen.",
        "timestamp": "2018-05-05T09:57:26.076Z"
    }
},
{
    "model": "app.userteamlog",
    "pk": 13,
    "fields": {
        "userteam": 13,
        "action": "Uporabnik ustvarjen.",
        "timestamp": "2018-05-05T09:57:26.105Z"
    }
},
{
    "model": "app.userteamlog",
    "pk": 14,
    "fields": {
        "userteam": 14,
        "action": "Uporabnik ustvarjen.",
        "timestamp": "2018-05-05T09:57:26.134Z"
    }
},
{
    "model": "app.userteamlog",
    "pk": 15,
    "fields": {
        "userteam": 15,
        "action": "Uporabnik ustvarjen.",
        "timestamp": "2018-05-05T09:57:26.165Z"
    }
},
{
    "model": "app.userteamlog",
    "pk": 16,
    "fields": {
        "userteam": 16,
        "action": "Uporabnik ustvarjen.",
        "timestamp": "2018-05-05T09:57:26.196Z"
    }
},
{
    "model": "app.userteamlog",
    "pk": 17,
    "fields": {
        "userteam": 17,
        "action": "Uporabnik ustvarjen.",
        "timestamp": "2018-05-05T09:57:26.226Z"
    }
},
{
    "model": "app.board",
    "pk": 1,
    "fields": {
        "name": "Tabla 1"
    }
},
{
    "model": "app.project",
    "pk": 1,
    "fields": {
        "team": 1,
        "board": 1,
        "name": "Projekt 1 (s karticami)",
        "project_code": "PR-01",
        "customer": "Mahnic",
        "date_start": "2018-04-10",
        "date_end": "2018-10-20",
        "is_active": true
    }
},
{
    "model": "app.project",
    "pk": 2,
    "fields": {
        "team": 1,
        "board": 1,
        "name": "Projekt 2 (s karticami)",
        "project_code": "PR-02",
        "customer": "Furst",
        "date_start": "2018-04-10",
        "date_end": "2018-12-20",
        "is_active": true
    }
},
{
    "model": "app.project",
    "pk": 3,
    "fields": {
        "team": 2,
        "board": null,
        "name": "Projekt 3",
        "project_code": "PR-03",
        "customer": "Podgor\u0161ek",
        "date_start": "2018-04-10",
        "date_end": "2018-12-25",
        "is_active": true
    }
},
{
    "model": "app.project",
    "pk": 4,
    "fields": {
        "team": 3,
        "board": null,
        "name": "Projekt 4",
        "project_code": "PR-04",
        "customer": "Smolej",
        "date_start": "2018-04-10",
        "date_end": "2018-11-25",
        "is_active": true
    }
},
{
    "model": "app.column",
    "pk": "1",
    "fields": {
        "board": 1,
        "name": "Product Backlog",
        "position": 0,
        "wip": 0,
        "boundary": false,
        "priority": false,
        "acceptance": false,
        "parent": null
    }
},
{
    "model": "app.column",
    "pk": "10",
    "fields": {
        "board": 1,
        "name": "Done",
        "position": 4,
        "wip": 0,
        "boundary": false,
        "priority": false,
        "acceptance": false,
        "parent": null
    }
},
{
    "model": "app.column",
    "pk": "2",
    "fields": {
        "board": 1,
        "name": "Sprint Backlog",
        "position": 1,
        "wip": 0,
        "boundary": false,
        "priority": true,
        "acceptance": false,
        "parent": null
    }
},
{
    "model": "app.column",
    "pk": "3",
    "fields": {
        "board": 1,
        "name": "Development",
        "position": 2,
        "wip": 6,
        "boundary": false,
        "priority": false,
        "acceptance": false,
        "parent": null
    }
},
{
    "model": "app.column",
    "pk": "4",
    "fields": {
        "board": 1,
        "name": "Analysis & Design",
        "position": 0,
        "wip": 0,
        "boundary": true,
        "priority": false,
        "acceptance": false,
        "parent": "3"
    }
},
{
    "model": "app.column",
    "pk": "5",
    "fields": {
        "board": 1,
        "name": "Coding",
        "position": 1,
        "wip": 0,
        "boundary": false,
        "priority": false,
        "acceptance": false,
        "parent": "3"
    }
},
{
    "model": "app.column",
    "pk": "6",
    "fields": {
        "board": 1,
        "name": "Testing",
        "position": 2,
        "wip": 0,
        "boundary": false,
        "priority": false,
        "acceptance": false,
        "parent": "3"
    }
},
{
    "model": "app.column",
    "pk": "7",
    "fields": {
        "board": 1,
        "name": "Integration",
        "position": 3,
        "wip": 0,
        "boundary": false,
        "priority": false,
        "acceptance": false,
        "parent": "3"
    }
},
{
    "model": "app.column",
    "pk": "8",
    "fields": {
        "board": 1,
        "name": "Documentation",
        "position": 4,
        "wip": 0,
        "boundary": true,
        "priority": false,
        "acceptance": false,
        "parent": "3"
    }
},
{
    "model": "app.column",
    "pk": "9",
    "fields": {
        "board": 1,
        "name": "Acceptance Ready",
        "position": 3,
        "wip": 0,
        "boundary": false,
        "priority": false,
        "acceptance": true,
        "parent": null
    }
},
{
    "model": "app.cardtype",
    "pk": 0,
    "fields": {}
},
{
    "model": "app.cardtype",
    "pk": 1,
    "fields": {}
},
{
    "model": "app.cardtype",
    "pk": 2,
    "fields": {}
},
{
    "model": "app.card",
    "pk": 1,
    "fields": {
        "column": "10",
        "type": 0,
        "card_number": null,
        "description": "Administrator lahko dodaja, ureja in bri\u0161e podatke o uporabnikih.",
        "name": "#1 Vzdr\u017eevanje uporabnikov",
        "estimate": 3.5,
        "project": 1,
        "expiration": "2018-05-05",
        "owner": 3,
        "date_created": "2018-04-10T08:00:00Z",
        "is_deleted": false,
        "cause_of_deletion": ""
    }
},
{
    "model": "app.card",
    "pk": 2,
    "fields": {
        "column": "7",
        "type": 0,
        "card_number": null,
        "description": "KanbanMaster lahko kreira, ureja in bri\u0161e podatke o razvojnih skupinah",
        "name": "#2 Vzdr\u017eevanje razvojnih skupin",
        "estimate": 1.0,
        "project": 1,
        "expiration": "2018-05-05",
        "owner": 3,
        "date_created": "2018-04-10T08:00:00Z",
        "is_deleted": false,
        "cause_of_deletion": ""
    }
},
{
    "model": "app.card",
    "pk": 3,
    "fields": {
        "column": "6",
        "type": 1,
        "card_number": null,
        "description": "KanbanMaster lahko kreira, ureja in bri\u0161e podatke o projektih.",
        "name": "#3 Vzdr\u017eevanje projektov",
        "estimate": 10.0,
        "project": 1,
        "expiration": "2018-05-05",
        "owner": 3,
        "date_created": "2018-04-11T08:00:00Z",
        "is_deleted": false,
        "cause_of_deletion": ""
    }
},
{
    "model": "app.card",
    "pk": 4,
    "fields": {
        "column": "5",
        "type": 0,
        "card_number": null,
        "description": "Uporabnik se lahko prijavi v sistem z uporabni\u0161kim imenom in geslom.",
        "name": "#4 Prijava v sistem",
        "estimate": 3.0,
        "project": 1,
        "expiration": "2018-05-05",
        "owner": 3,
        "date_created": "2018-04-12T08:00:00Z",
        "is_deleted": false,
        "cause_of_deletion": ""
    }
},
{
    "model": "app.card",
    "pk": 5,
    "fields": {
        "column": "5",
        "type": 0,
        "card_number": null,
        "description": "KanbanMaster lahko kreira novo tablo in (dokler je prazna) spreminja njeno strukturo.",
        "name": "#5 Kreiranje table",
        "estimate": 4.0,
        "project": 1,
        "expiration": "2018-05-05",
        "owner": 4,
        "date_created": "2018-04-13T08:00:00Z",
        "is_deleted": false,
        "cause_of_deletion": ""
    }
},
{
    "model": "app.card",
    "pk": 6,
    "fields": {
        "column": "9",
        "type": 0,
        "card_number": null,
        "description": "Uporabnik lahko pregleduje tablo.",
        "name": "#6 Prikaz table",
        "estimate": 2.0,
        "project": 1,
        "expiration": "2018-05-05",
        "owner": 4,
        "date_created": "2018-04-15T08:00:00Z",
        "is_deleted": false,
        "cause_of_deletion": ""
    }
},
{
    "model": "app.card",
    "pk": 7,
    "fields": {
        "column": "8",
        "type": 0,
        "card_number": null,
        "description": "Uporabnik lahko v okviru svojih pristojnosti kreira novo kartico.",
        "name": "#7 Kreiranje kartice",
        "estimate": 1.5,
        "project": 1,
        "expiration": "2018-05-05",
        "owner": 3,
        "date_created": "2018-04-14T08:00:00Z",
        "is_deleted": false,
        "cause_of_deletion": ""
    }
},
{
    "model": "app.card",
    "pk": 8,
    "fields": {
        "column": "9",
        "type": 0,
        "card_number": null,
        "description": "Uporabnik lahko v okviru svojih pristojnosti kreira novo kartico.",
        "name": "#8 Prestavljanje kartice",
        "estimate": 1.5,
        "project": 1,
        "expiration": "2018-05-05",
        "owner": 4,
        "date_created": "2018-04-16T08:00:00Z",
        "is_deleted": false,
        "cause_of_deletion": ""
    }
},
{
    "model": "app.card",
    "pk": 9,
    "fields": {
        "column": "10",
        "type": 0,
        "card_number": null,
        "description": "Uporabnik lahko izpi\u0161e vsebino kartice, ki se nahaja na tabli.",
        "name": "#9 Prikaz podrobnosti kartice",
        "estimate": 1.5,
        "project": 1,
        "expiration": "2018-05-05",
        "owner": 3,
        "date_created": "2018-04-18T08:00:00Z",
        "is_deleted": false,
        "cause_of_deletion": ""
    }
},
{
    "model": "app.card",
    "pk": 10,
    "fields": {
        "column": "10",
        "type": 0,
        "card_number": null,
        "description": "Uporabnik lahko izpi\u0161e vsebino kartice, ki se nahaja na tabli.",
        "name": "#10 Kreiranje nove table s kopiranjem strukture",
        "estimate": 1.5,
        "project": 1,
        "expiration": "2018-05-05",
        "owner": 3,
        "date_created": "2018-04-17T08:00:00Z",
        "is_deleted": false,
        "cause_of_deletion": ""
    }
},
{
    "model": "app.card",
    "pk": 11,
    "fields": {
        "column": "6",
        "type": 1,
        "card_number": null,
        "description": "Uporabnik lahko izpi\u0161e vsebino kartice, ki se nahaja na tabli.",
        "name": "#11 Uporabni\u0161ka dokumentacija",
        "estimate": 1.5,
        "project": 1,
        "expiration": "2018-05-05",
        "owner": 5,
        "date_created": "2018-04-11T08:00:00Z",
        "is_deleted": false,
        "cause_of_deletion": ""
    }
},
{
    "model": "app.card",
    "pk": 12,
    "fields": {
        "column": "10",
        "type": 0,
        "card_number": null,
        "description": "Administrator lahko dodaja, ureja in bri\u0161e podatke o uporabnikih.",
        "name": "#12 Posodabljanje vsebine kartice",
        "estimate": 4.0,
        "project": 2,
        "expiration": "2018-05-05",
        "owner": 4,
        "date_created": "2018-04-10T08:00:00Z",
        "is_deleted": false,
        "cause_of_deletion": ""
    }
},
{
    "model": "app.card",
    "pk": 13,
    "fields": {
        "column": "7",
        "type": 0,
        "card_number": null,
        "description": "KanbanMaster lahko kreira, ureja in bri\u0161e podatke o razvojnih skupinah",
        "name": "#13 Brisanje kartice",
        "estimate": 1.0,
        "project": 2,
        "expiration": "2018-05-05",
        "owner": 3,
        "date_created": "2018-04-12T08:00:00Z",
        "is_deleted": false,
        "cause_of_deletion": ""
    }
},
{
    "model": "app.card",
    "pk": 14,
    "fields": {
        "column": "6",
        "type": 1,
        "card_number": null,
        "description": "KanbanMaster lahko kreira, ureja in bri\u0161e podatke o projektih.",
        "name": "#14 Posodabljanje lastnosti stolpca",
        "estimate": 1.0,
        "project": 2,
        "expiration": "2018-05-05",
        "owner": 3,
        "date_created": "2018-04-11T08:00:00Z",
        "is_deleted": false,
        "cause_of_deletion": ""
    }
},
{
    "model": "app.card",
    "pk": 15,
    "fields": {
        "column": "5",
        "type": 0,
        "card_number": null,
        "description": "Uporabnik se lahko prijavi v sistem z uporabni\u0161kim imenom in geslom.",
        "name": "#15 Izra\u010dun povpre\u010dnega potrebnega \u010dasa",
        "estimate": 3.0,
        "project": 2,
        "expiration": "2018-05-05",
        "owner": 4,
        "date_created": "2018-04-17T08:00:00Z",
        "is_deleted": false,
        "cause_of_deletion": ""
    }
},
{
    "model": "app.card",
    "pk": 16,
    "fields": {
        "column": "7",
        "type": 0,
        "card_number": null,
        "description": "KanbanMaster lahko kreira novo tablo in (dokler je prazna) spreminja njeno strukturo.",
        "name": "#16 Izdelava kumulativnega diagrama delovnega toka",
        "estimate": 6.0,
        "project": 2,
        "expiration": "2018-05-05",
        "owner": 3,
        "date_created": "2018-04-14T08:00:00Z",
        "is_deleted": false,
        "cause_of_deletion": ""
    }
},
{
    "model": "app.card",
    "pk": 17,
    "fields": {
        "column": "9",
        "type": 0,
        "card_number": null,
        "description": "Uporabnik lahko pregleduje tablo.",
        "name": "#17 Izpis kr\u0161itev omejitve WIP",
        "estimate": 5.0,
        "project": 2,
        "expiration": "2018-05-05",
        "owner": 4,
        "date_created": "2018-04-11T08:00:00Z",
        "is_deleted": false,
        "cause_of_deletion": ""
    }
},
{
    "model": "app.card",
    "pk": 18,
    "fields": {
        "column": "8",
        "type": 0,
        "card_number": null,
        "description": "Uporabnik lahko v okviru svojih pristojnosti kreira novo kartico.",
        "name": "#18 Prikaz 'kriti\u010dnih' kartic",
        "estimate": 4.0,
        "project": 2,
        "expiration": "2018-05-05",
        "owner": 3,
        "date_created": "2018-04-14T08:00:00Z",
        "is_deleted": false,
        "cause_of_deletion": ""
    }
},
{
    "model": "app.card",
    "pk": 19,
    "fields": {
        "column": "6",
        "type": 0,
        "card_number": null,
        "description": "Uporabnik lahko v okviru svojih pristojnosti kreira novo kartico.",
        "name": "#19 Obve\u0161\u010danje o prekora\u010ditvi roka",
        "estimate": 1.5,
        "project": 2,
        "expiration": "2018-05-05",
        "owner": 5,
        "date_created": "2018-04-13T08:00:00Z",
        "is_deleted": false,
        "cause_of_deletion": ""
    }
},
{
    "model": "app.card",
    "pk": 20,
    "fields": {
        "column": "10",
        "type": 0,
        "card_number": null,
        "description": "Uporabnik lahko izpi\u0161e vsebino kartice, ki se nahaja na tabli.",
        "name": "#20 Vgradnja pravil za prestavljanje kartic",
        "estimate": 3.0,
        "project": 2,
        "expiration": "2018-05-05",
        "owner": 3,
        "date_created": "2018-04-15T08:00:00Z",
        "is_deleted": false,
        "cause_of_deletion": ""
    }
},
{
    "model": "app.card",
    "pk": 21,
    "fields": {
        "column": "10",
        "type": 0,
        "card_number": null,
        "description": "Uporabnik lahko izpi\u0161e vsebino kartice, ki se nahaja na tabli.",
        "name": "#21 'O\u017eenje' stolpcev",
        "estimate": 2.0,
        "project": 2,
        "expiration": "2018-05-05",
        "owner": 3,
        "date_created": "2018-04-18T08:00:00Z",
        "is_deleted": false,
        "cause_of_deletion": ""
    }
},
{
    "model": "app.card",
    "pk": 22,
    "fields": {
        "column": "6",
        "type": 1,
        "card_number": null,
        "description": "Uporabnik lahko izpi\u0161e vsebino kartice, ki se nahaja na tabli.",
        "name": "#22 Prilagodljiv prikaz kartice na tabli",
        "estimate": 1.5,
        "project": 2,
        "expiration": "2018-05-05",
        "owner": 4,
        "date_created": "2018-04-11T08:00:00Z",
        "is_deleted": false,
        "cause_of_deletion": ""
    }
},
{
    "model": "app.task",
    "pk": 1,
    "fields": {
        "card": 1,
        "description": "To je description 1",
        "done": false,
        "assignee": null
    }
},
{
    "model": "app.task",
    "pk": 2,
    "fields": {
        "card": 1,
        "description": "To je description 2",
        "done": false,
        "assignee": null
    }
},
{
    "model": "app.task",
    "pk": 3,
    "fields": {
        "card": 2,
        "description": "To je description 3",
        "done": false,
        "assignee": null
    }
},
{
    "model": "app.task",
    "pk": 4,
    "fields": {
        "card": 3,
        "description": "To je description 4",
        "done": false,
        "assignee": null
    }
},
{
    "model": "app.cardlog",
    "pk": 1,
    "fields": {
        "card": 1,
        "from_column": "1",
        "to_column": "2",
        "action": null,
        "timestamp": "2018-04-14T06:00:00Z"
    }
},
{
    "model": "app.cardlog",
    "pk": 2,
    "fields": {
        "card": 1,
        "from_column": "2",
        "to_column": "4",
        "action": null,
        "timestamp": "2018-04-14T08:00:00Z"
    }
},
{
    "model": "app.cardlog",
    "pk": 3,
    "fields": {
        "card": 1,
        "from_column": "4",
        "to_column": "5",
        "action": null,
        "timestamp": "2018-04-17T14:30:00Z"
    }
},
{
    "model": "app.cardlog",
    "pk": 4,
    "fields": {
        "card": 1,
        "from_column": "5",
        "to_column": "6",
        "action": null,
        "timestamp": "2018-04-18T08:00:00Z"
    }
},
{
    "model": "app.cardlog",
    "pk": 5,
    "fields": {
        "card": 1,
        "from_column": "6",
        "to_column": "7",
        "action": null,
        "timestamp": "2018-04-18T09:30:00Z"
    }
},
{
    "model": "app.cardlog",
    "pk": 6,
    "fields": {
        "card": 1,
        "from_column": "7",
        "to_column": "8",
        "action": null,
        "timestamp": "2018-04-18T10:00:00Z"
    }
},
{
    "model": "app.cardlog",
    "pk": 7,
    "fields": {
        "card": 1,
        "from_column": "8",
        "to_column": "9",
        "action": null,
        "timestamp": "2018-04-19T06:00:00Z"
    }
},
{
    "model": "app.cardlog",
    "pk": 8,
    "fields": {
        "card": 1,
        "from_column": "9",
        "to_column": "10",
        "action": null,
        "timestamp": "2018-04-19T14:00:00Z"
    }
},
{
    "model": "app.cardlog",
    "pk": 9,
    "fields": {
        "card": 2,
        "from_column": "1",
        "to_column": "2",
        "action": null,
        "timestamp": "2018-04-14T16:00:00Z"
    }
},
{
    "model": "app.cardlog",
    "pk": 10,
    "fields": {
        "card": 2,
        "from_column": "2",
        "to_column": "4",
        "action": null,
        "timestamp": "2018-04-15T16:00:00Z"
    }
},
{
    "model": "app.cardlog",
    "pk": 11,
    "fields": {
        "card": 2,
        "from_column": "4",
        "to_column": "5",
        "action": null,
        "timestamp": "2018-04-22T12:00:00Z"
    }
},
{
    "model": "app.cardlog",
    "pk": 12,
    "fields": {
        "card": 2,
        "from_column": "5",
        "to_column": "6",
        "action": null,
        "timestamp": "2018-04-23T08:00:00Z"
    }
},
{
    "model": "app.cardlog",
    "pk": 13,
    "fields": {
        "card": 2,
        "from_column": "6",
        "to_column": "7",
        "action": null,
        "timestamp": "2018-04-26T09:30:00Z"
    }
},
{
    "model": "app.cardlog",
    "pk": 14,
    "fields": {
        "card": 2,
        "from_column": "7",
        "to_column": "8",
        "action": null,
        "timestamp": "2018-04-27T12:00:00Z"
    }
},
{
    "model": "app.cardlog",
    "pk": 15,
    "fields": {
        "card": 2,
        "from_column": "8",
        "to_column": "9",
        "action": null,
        "timestamp": "2018-04-28T06:00:00Z"
    }
},
{
    "model": "app.cardlog",
    "pk": 16,
    "fields": {
        "card": 2,
        "from_column": "9",
        "to_column": "10",
        "action": null,
        "timestamp": "2018-05-02T12:00:00Z"
    }
},
{
    "model": "app.cardlog",
    "pk": 17,
    "fields": {
        "card": 3,
        "from_column": "1",
        "to_column": "2",
        "action": null,
        "timestamp": "2018-04-21T16:00:00Z"
    }
},
{
    "model": "app.cardlog",
    "pk": 18,
    "fields": {
        "card": 3,
        "from_column": "2",
        "to_column": "4",
        "action": null,
        "timestamp": "2018-04-22T16:00:00Z"
    }
},
{
    "model": "app.cardlog",
    "pk": 19,
    "fields": {
        "card": 3,
        "from_column": "4",
        "to_column": "5",
        "action": null,
        "timestamp": "2018-04-23T12:00:00Z"
    }
},
{
    "model": "app.cardlog",
    "pk": 20,
    "fields": {
        "card": 3,
        "from_column": "5",
        "to_column": "6",
        "action": null,
        "timestamp": "2018-04-24T08:00:00Z"
    }
},
{
    "model": "app.cardlog",
    "pk": 21,
    "fields": {
        "card": 3,
        "from_column": "6",
        "to_column": "7",
        "action": null,
        "timestamp": "2018-04-24T09:30:00Z"
    }
},
{
    "model": "app.cardlog",
    "pk": 22,
    "fields": {
        "card": 3,
        "from_column": "7",
        "to_column": "8",
        "action": null,
        "timestamp": "2018-04-24T12:00:00Z"
    }
},
{
    "model": "app.cardlog",
    "pk": 23,
    "fields": {
        "card": 3,
        "from_column": "8",
        "to_column": "9",
        "action": null,
        "timestamp": "2018-05-01T06:00:00Z"
    }
},
{
    "model": "app.cardlog",
    "pk": 24,
    "fields": {
        "card": 3,
        "from_column": "9",
        "to_column": "10",
        "action": null,
        "timestamp": "2018-05-01T12:00:00Z"
    }
},
{
    "model": "app.cardlog",
    "pk": 25,
    "fields": {
        "card": 4,
        "from_column": "1",
        "to_column": "2",
        "action": null,
        "timestamp": "2018-04-17T16:00:00Z"
    }
},
{
    "model": "app.cardlog",
    "pk": 26,
    "fields": {
        "card": 4,
        "from_column": "2",
        "to_column": "4",
        "action": null,
        "timestamp": "2018-04-17T17:00:00Z"
    }
},
{
    "model": "app.cardlog",
    "pk": 27,
    "fields": {
        "card": 4,
        "from_column": "4",
        "to_column": "5",
        "action": null,
        "timestamp": "2018-04-23T12:00:00Z"
    }
},
{
    "model": "app.cardlog",
    "pk": 28,
    "fields": {
        "card": 4,
        "from_column": "5",
        "to_column": "6",
        "action": null,
        "timestamp": "2018-04-24T08:00:00Z"
    }
},
{
    "model": "app.cardlog",
    "pk": 29,
    "fields": {
        "card": 4,
        "from_column": "6",
        "to_column": "7",
        "action": null,
        "timestamp": "2018-04-25T09:30:00Z"
    }
},
{
    "model": "app.cardlog",
    "pk": 30,
    "fields": {
        "card": 4,
        "from_column": "7",
        "to_column": "8",
        "action": null,
        "timestamp": "2018-04-25T12:00:00Z"
    }
},
{
    "model": "app.cardlog",
    "pk": 31,
    "fields": {
        "card": 4,
        "from_column": "8",
        "to_column": "9",
        "action": null,
        "timestamp": "2018-04-28T06:00:00Z"
    }
},
{
    "model": "app.cardlog",
    "pk": 32,
    "fields": {
        "card": 4,
        "from_column": "9",
        "to_column": "10",
        "action": null,
        "timestamp": "2018-04-29T12:00:00Z"
    }
},
{
    "model": "app.cardlog",
    "pk": 33,
    "fields": {
        "card": 5,
        "from_column": "1",
        "to_column": "2",
        "action": null,
        "timestamp": "2018-04-17T16:00:00Z"
    }
},
{
    "model": "app.cardlog",
    "pk": 34,
    "fields": {
        "card": 5,
        "from_column": "2",
        "to_column": "4",
        "action": null,
        "timestamp": "2018-04-17T17:00:00Z"
    }
},
{
    "model": "app.cardlog",
    "pk": 35,
    "fields": {
        "card": 5,
        "from_column": "4",
        "to_column": "5",
        "action": null,
        "timestamp": "2018-04-23T12:00:00Z"
    }
},
{
    "model": "app.cardlog",
    "pk": 36,
    "fields": {
        "card": 5,
        "from_column": "5",
        "to_column": "6",
        "action": null,
        "timestamp": "2018-04-24T08:00:00Z"
    }
},
{
    "model": "app.cardlog",
    "pk": 37,
    "fields": {
        "card": 5,
        "from_column": "6",
        "to_column": "7",
        "action": null,
        "timestamp": "2018-04-25T09:30:00Z"
    }
},
{
    "model": "app.cardlog",
    "pk": 38,
    "fields": {
        "card": 5,
        "from_column": "7",
        "to_column": "8",
        "action": null,
        "timestamp": "2018-04-25T12:00:00Z"
    }
},
{
    "model": "app.cardlog",
    "pk": 39,
    "fields": {
        "card": 5,
        "from_column": "8",
        "to_column": "9",
        "action": null,
        "timestamp": "2018-04-28T06:00:00Z"
    }
},
{
    "model": "app.cardlog",
    "pk": 40,
    "fields": {
        "card": 5,
        "from_column": "9",
        "to_column": "4",
        "action": null,
        "timestamp": "2018-04-28T10:00:00Z"
    }
},
{
    "model": "app.cardlog",
    "pk": 41,
    "fields": {
        "card": 5,
        "from_column": "4",
        "to_column": "5",
        "action": null,
        "timestamp": "2018-04-29T12:00:00Z"
    }
},
{
    "model": "app.cardlog",
    "pk": 42,
    "fields": {
        "card": 5,
        "from_column": "5",
        "to_column": "6",
        "action": null,
        "timestamp": "2018-04-30T08:00:00Z"
    }
},
{
    "model": "app.cardlog",
    "pk": 43,
    "fields": {
        "card": 5,
        "from_column": "6",
        "to_column": "7",
        "action": null,
        "timestamp": "2018-04-30T09:30:00Z"
    }
},
{
    "model": "app.cardlog",
    "pk": 44,
    "fields": {
        "card": 5,
        "from_column": "7",
        "to_column": "8",
        "action": null,
        "timestamp": "2018-04-30T12:00:00Z"
    }
},
{
    "model": "app.cardlog",
    "pk": 45,
    "fields": {
        "card": 5,
        "from_column": "8",
        "to_column": "9",
        "action": null,
        "timestamp": "2018-05-01T06:00:00Z"
    }
},
{
    "model": "app.cardlog",
    "pk": 46,
    "fields": {
        "card": 5,
        "from_column": "9",
        "to_column": "10",
        "action": null,
        "timestamp": "2018-05-01T12:00:00Z"
    }
},
{
    "model": "app.cardlog",
    "pk": 47,
    "fields": {
        "card": 6,
        "from_column": "1",
        "to_column": "2",
        "action": null,
        "timestamp": "2018-04-17T16:00:00Z"
    }
},
{
    "model": "app.cardlog",
    "pk": 48,
    "fields": {
        "card": 6,
        "from_column": "2",
        "to_column": "4",
        "action": null,
        "timestamp": "2018-04-17T17:00:00Z"
    }
},
{
    "model": "app.cardlog",
    "pk": 49,
    "fields": {
        "card": 6,
        "from_column": "4",
        "to_column": "5",
        "action": null,
        "timestamp": "2018-04-24T06:00:00Z"
    }
},
{
    "model": "app.cardlog",
    "pk": 50,
    "fields": {
        "card": 6,
        "from_column": "5",
        "to_column": "6",
        "action": null,
        "timestamp": "2018-04-24T08:00:00Z"
    }
},
{
    "model": "app.cardlog",
    "pk": 51,
    "fields": {
        "card": 6,
        "from_column": "6",
        "to_column": "7",
        "action": null,
        "timestamp": "2018-04-25T09:30:00Z"
    }
},
{
    "model": "app.cardlog",
    "pk": 52,
    "fields": {
        "card": 6,
        "from_column": "7",
        "to_column": "8",
        "action": null,
        "timestamp": "2018-04-25T12:00:00Z"
    }
},
{
    "model": "app.cardlog",
    "pk": 53,
    "fields": {
        "card": 6,
        "from_column": "8",
        "to_column": "9",
        "action": null,
        "timestamp": "2018-04-28T06:00:00Z"
    }
},
{
    "model": "app.cardlog",
    "pk": 54,
    "fields": {
        "card": 6,
        "from_column": "9",
        "to_column": "10",
        "action": null,
        "timestamp": "2018-04-29T12:00:00Z"
    }
},
{
    "model": "app.cardlog",
    "pk": 55,
    "fields": {
        "card": 7,
        "from_column": "1",
        "to_column": "2",
        "action": null,
        "timestamp": "2018-04-15T16:00:00Z"
    }
},
{
    "model": "app.cardlog",
    "pk": 56,
    "fields": {
        "card": 7,
        "from_column": "2",
        "to_column": "4",
        "action": null,
        "timestamp": "2018-04-15T17:00:00Z"
    }
},
{
    "model": "app.cardlog",
    "pk": 57,
    "fields": {
        "card": 7,
        "from_column": "4",
        "to_column": "5",
        "action": null,
        "timestamp": "2018-04-16T12:00:00Z"
    }
},
{
    "model": "app.cardlog",
    "pk": 58,
    "fields": {
        "card": 7,
        "from_column": "5",
        "to_column": "6",
        "action": null,
        "timestamp": "2018-04-17T08:00:00Z"
    }
},
{
    "model": "app.cardlog",
    "pk": 59,
    "fields": {
        "card": 7,
        "from_column": "6",
        "to_column": "7",
        "action": null,
        "timestamp": "2018-04-17T09:30:00Z"
    }
},
{
    "model": "app.cardlog",
    "pk": 60,
    "fields": {
        "card": 7,
        "from_column": "7",
        "to_column": "8",
        "action": null,
        "timestamp": "2018-04-18T12:00:00Z"
    }
},
{
    "model": "app.cardlog",
    "pk": 61,
    "fields": {
        "card": 7,
        "from_column": "8",
        "to_column": "9",
        "action": null,
        "timestamp": "2018-04-21T06:00:00Z"
    }
},
{
    "model": "app.cardlog",
    "pk": 62,
    "fields": {
        "card": 7,
        "from_column": "9",
        "to_column": "10",
        "action": null,
        "timestamp": "2018-04-22T12:00:00Z"
    }
},
{
    "model": "app.cardlog",
    "pk": 63,
    "fields": {
        "card": 8,
        "from_column": "1",
        "to_column": "2",
        "action": null,
        "timestamp": "2018-04-17T16:00:00Z"
    }
},
{
    "model": "app.cardlog",
    "pk": 64,
    "fields": {
        "card": 8,
        "from_column": "2",
        "to_column": "4",
        "action": null,
        "timestamp": "2018-04-17T17:00:00Z"
    }
},
{
    "model": "app.cardlog",
    "pk": 65,
    "fields": {
        "card": 8,
        "from_column": "4",
        "to_column": "5",
        "action": null,
        "timestamp": "2018-04-23T12:00:00Z"
    }
},
{
    "model": "app.cardlog",
    "pk": 66,
    "fields": {
        "card": 8,
        "from_column": "5",
        "to_column": "4",
        "action": null,
        "timestamp": "2018-04-23T16:00:00Z"
    }
},
{
    "model": "app.cardlog",
    "pk": 67,
    "fields": {
        "card": 8,
        "from_column": "4",
        "to_column": "5",
        "action": null,
        "timestamp": "2018-04-24T07:00:00Z"
    }
},
{
    "model": "app.cardlog",
    "pk": 68,
    "fields": {
        "card": 8,
        "from_column": "5",
        "to_column": "6",
        "action": null,
        "timestamp": "2018-04-24T08:00:00Z"
    }
},
{
    "model": "app.cardlog",
    "pk": 69,
    "fields": {
        "card": 8,
        "from_column": "6",
        "to_column": "7",
        "action": null,
        "timestamp": "2018-04-25T09:30:00Z"
    }
},
{
    "model": "app.cardlog",
    "pk": 70,
    "fields": {
        "card": 8,
        "from_column": "7",
        "to_column": "8",
        "action": null,
        "timestamp": "2018-04-25T12:00:00Z"
    }
},
{
    "model": "app.cardlog",
    "pk": 71,
    "fields": {
        "card": 8,
        "from_column": "8",
        "to_column": "9",
        "action": null,
        "timestamp": "2018-04-28T06:00:00Z"
    }
},
{
    "model": "app.cardlog",
    "pk": 72,
    "fields": {
        "card": 8,
        "from_column": "9",
        "to_column": "10",
        "action": null,
        "timestamp": "2018-04-29T12:00:00Z"
    }
},
{
    "model": "app.cardlog",
    "pk": 73,
    "fields": {
        "card": 9,
        "from_column": "1",
        "to_column": "2",
        "action": null,
        "timestamp": "2018-04-17T16:00:00Z"
    }
},
{
    "model": "app.cardlog",
    "pk": 74,
    "fields": {
        "card": 9,
        "from_column": "2",
        "to_column": "4",
        "action": null,
        "timestamp": "2018-04-17T17:00:00Z"
    }
},
{
    "model": "app.cardlog",
    "pk": 75,
    "fields": {
        "card": 9,
        "from_column": "4",
        "to_column": "5",
        "action": null,
        "timestamp": "2018-04-23T12:00:00Z"
    }
},
{
    "model": "app.cardlog",
    "pk": 76,
    "fields": {
        "card": 9,
        "from_column": "5",
        "to_column": "6",
        "action": null,
        "timestamp": "2018-04-24T08:00:00Z"
    }
},
{
    "model": "app.cardlog",
    "pk": 77,
    "fields": {
        "card": 9,
        "from_column": "6",
        "to_column": "7",
        "action": null,
        "timestamp": "2018-04-26T09:30:00Z"
    }
},
{
    "model": "app.cardlog",
    "pk": 78,
    "fields": {
        "card": 9,
        "from_column": "7",
        "to_column": "8",
        "action": null,
        "timestamp": "2018-04-26T12:00:00Z"
    }
},
{
    "model": "app.cardlog",
    "pk": 79,
    "fields": {
        "card": 9,
        "from_column": "8",
        "to_column": "9",
        "action": null,
        "timestamp": "2018-04-27T06:00:00Z"
    }
},
{
    "model": "app.cardlog",
    "pk": 80,
    "fields": {
        "card": 9,
        "from_column": "9",
        "to_column": "10",
        "action": null,
        "timestamp": "2018-04-29T12:00:00Z"
    }
},
{
    "model": "app.cardlog",
    "pk": 81,
    "fields": {
        "card": 10,
        "from_column": "1",
        "to_column": "2",
        "action": null,
        "timestamp": "2018-04-19T16:00:00Z"
    }
},
{
    "model": "app.cardlog",
    "pk": 82,
    "fields": {
        "card": 10,
        "from_column": "2",
        "to_column": "4",
        "action": null,
        "timestamp": "2018-04-19T17:00:00Z"
    }
},
{
    "model": "app.cardlog",
    "pk": 83,
    "fields": {
        "card": 10,
        "from_column": "4",
        "to_column": "5",
        "action": null,
        "timestamp": "2018-04-21T12:00:00Z"
    }
},
{
    "model": "app.cardlog",
    "pk": 84,
    "fields": {
        "card": 10,
        "from_column": "5",
        "to_column": "6",
        "action": null,
        "timestamp": "2018-04-24T08:00:00Z"
    }
},
{
    "model": "app.cardlog",
    "pk": 85,
    "fields": {
        "card": 10,
        "from_column": "6",
        "to_column": "7",
        "action": null,
        "timestamp": "2018-04-25T13:30:00Z"
    }
},
{
    "model": "app.cardlog",
    "pk": 86,
    "fields": {
        "card": 10,
        "from_column": "7",
        "to_column": "8",
        "action": null,
        "timestamp": "2018-04-25T14:00:00Z"
    }
},
{
    "model": "app.cardlog",
    "pk": 87,
    "fields": {
        "card": 10,
        "from_column": "8",
        "to_column": "9",
        "action": null,
        "timestamp": "2018-04-28T06:00:00Z"
    }
},
{
    "model": "app.cardlog",
    "pk": 88,
    "fields": {
        "card": 10,
        "from_column": "9",
        "to_column": "10",
        "action": null,
        "timestamp": "2018-04-28T12:00:00Z"
    }
},
{
    "model": "app.cardlog",
    "pk": 89,
    "fields": {
        "card": 11,
        "from_column": "1",
        "to_column": "2",
        "action": null,
        "timestamp": "2018-04-11T16:00:00Z"
    }
},
{
    "model": "app.cardlog",
    "pk": 90,
    "fields": {
        "card": 11,
        "from_column": "2",
        "to_column": "4",
        "action": null,
        "timestamp": "2018-04-11T17:00:00Z"
    }
},
{
    "model": "app.cardlog",
    "pk": 91,
    "fields": {
        "card": 11,
        "from_column": "4",
        "to_column": "5",
        "action": null,
        "timestamp": "2018-04-12T12:00:00Z"
    }
},
{
    "model": "app.cardlog",
    "pk": 92,
    "fields": {
        "card": 11,
        "from_column": "5",
        "to_column": "6",
        "action": null,
        "timestamp": "2018-04-12T17:00:00Z"
    }
},
{
    "model": "app.cardlog",
    "pk": 93,
    "fields": {
        "card": 11,
        "from_column": "6",
        "to_column": "7",
        "action": null,
        "timestamp": "2018-04-13T09:30:00Z"
    }
},
{
    "model": "app.cardlog",
    "pk": 94,
    "fields": {
        "card": 11,
        "from_column": "7",
        "to_column": "8",
        "action": null,
        "timestamp": "2018-04-14T12:00:00Z"
    }
},
{
    "model": "app.cardlog",
    "pk": 95,
    "fields": {
        "card": 11,
        "from_column": "8",
        "to_column": "9",
        "action": null,
        "timestamp": "2018-04-15T06:00:00Z"
    }
},
{
    "model": "app.cardlog",
    "pk": 96,
    "fields": {
        "card": 11,
        "from_column": "9",
        "to_column": "10",
        "action": null,
        "timestamp": "2018-04-16T12:00:00Z"
    }
},
{
    "model": "app.cardlog",
    "pk": 97,
    "fields": {
        "card": 12,
        "from_column": "1",
        "to_column": "2",
        "action": null,
        "timestamp": "2018-04-14T06:00:00Z"
    }
},
{
    "model": "app.cardlog",
    "pk": 98,
    "fields": {
        "card": 12,
        "from_column": "2",
        "to_column": "4",
        "action": null,
        "timestamp": "2018-04-14T08:00:00Z"
    }
},
{
    "model": "app.cardlog",
    "pk": 99,
    "fields": {
        "card": 12,
        "from_column": "4",
        "to_column": "5",
        "action": null,
        "timestamp": "2018-04-17T14:30:00Z"
    }
},
{
    "model": "app.cardlog",
    "pk": 100,
    "fields": {
        "card": 12,
        "from_column": "5",
        "to_column": "6",
        "action": null,
        "timestamp": "2018-04-18T08:00:00Z"
    }
},
{
    "model": "app.cardlog",
    "pk": 101,
    "fields": {
        "card": 12,
        "from_column": "6",
        "to_column": "7",
        "action": null,
        "timestamp": "2018-04-18T09:30:00Z"
    }
},
{
    "model": "app.cardlog",
    "pk": 102,
    "fields": {
        "card": 12,
        "from_column": "7",
        "to_column": "8",
        "action": null,
        "timestamp": "2018-04-18T10:00:00Z"
    }
},
{
    "model": "app.cardlog",
    "pk": 103,
    "fields": {
        "card": 12,
        "from_column": "8",
        "to_column": "9",
        "action": null,
        "timestamp": "2018-04-19T06:00:00Z"
    }
},
{
    "model": "app.cardlog",
    "pk": 104,
    "fields": {
        "card": 12,
        "from_column": "9",
        "to_column": "10",
        "action": null,
        "timestamp": "2018-04-19T14:00:00Z"
    }
},
{
    "model": "app.cardlog",
    "pk": 105,
    "fields": {
        "card": 13,
        "from_column": "1",
        "to_column": "2",
        "action": null,
        "timestamp": "2018-04-14T16:00:00Z"
    }
},
{
    "model": "app.cardlog",
    "pk": 106,
    "fields": {
        "card": 13,
        "from_column": "2",
        "to_column": "4",
        "action": null,
        "timestamp": "2018-04-15T16:00:00Z"
    }
},
{
    "model": "app.cardlog",
    "pk": 107,
    "fields": {
        "card": 13,
        "from_column": "4",
        "to_column": "5",
        "action": null,
        "timestamp": "2018-04-22T12:00:00Z"
    }
},
{
    "model": "app.cardlog",
    "pk": 108,
    "fields": {
        "card": 13,
        "from_column": "5",
        "to_column": "6",
        "action": null,
        "timestamp": "2018-04-23T08:00:00Z"
    }
},
{
    "model": "app.cardlog",
    "pk": 109,
    "fields": {
        "card": 13,
        "from_column": "6",
        "to_column": "7",
        "action": null,
        "timestamp": "2018-04-26T09:30:00Z"
    }
},
{
    "model": "app.cardlog",
    "pk": 110,
    "fields": {
        "card": 13,
        "from_column": "7",
        "to_column": "8",
        "action": null,
        "timestamp": "2018-04-27T12:00:00Z"
    }
},
{
    "model": "app.cardlog",
    "pk": 111,
    "fields": {
        "card": 13,
        "from_column": "8",
        "to_column": "9",
        "action": null,
        "timestamp": "2018-04-28T06:00:00Z"
    }
},
{
    "model": "app.cardlog",
    "pk": 112,
    "fields": {
        "card": 13,
        "from_column": "9",
        "to_column": "10",
        "action": null,
        "timestamp": "2018-05-02T12:00:00Z"
    }
},
{
    "model": "app.cardlog",
    "pk": 113,
    "fields": {
        "card": 14,
        "from_column": "1",
        "to_column": "2",
        "action": null,
        "timestamp": "2018-04-21T16:00:00Z"
    }
},
{
    "model": "app.cardlog",
    "pk": 114,
    "fields": {
        "card": 14,
        "from_column": "2",
        "to_column": "4",
        "action": null,
        "timestamp": "2018-04-22T16:00:00Z"
    }
},
{
    "model": "app.cardlog",
    "pk": 115,
    "fields": {
        "card": 14,
        "from_column": "4",
        "to_column": "5",
        "action": null,
        "timestamp": "2018-04-23T12:00:00Z"
    }
},
{
    "model": "app.cardlog",
    "pk": 116,
    "fields": {
        "card": 14,
        "from_column": "5",
        "to_column": "6",
        "action": null,
        "timestamp": "2018-04-24T08:00:00Z"
    }
},
{
    "model": "app.cardlog",
    "pk": 117,
    "fields": {
        "card": 14,
        "from_column": "6",
        "to_column": "7",
        "action": null,
        "timestamp": "2018-04-24T09:30:00Z"
    }
},
{
    "model": "app.cardlog",
    "pk": 118,
    "fields": {
        "card": 14,
        "from_column": "7",
        "to_column": "8",
        "action": null,
        "timestamp": "2018-04-24T12:00:00Z"
    }
},
{
    "model": "app.cardlog",
    "pk": 119,
    "fields": {
        "card": 14,
        "from_column": "8",
        "to_column": "9",
        "action": null,
        "timestamp": "2018-05-01T06:00:00Z"
    }
},
{
    "model": "app.cardlog",
    "pk": 120,
    "fields": {
        "card": 14,
        "from_column": "9",
        "to_column": "10",
        "action": null,
        "timestamp": "2018-05-01T12:00:00Z"
    }
},
{
    "model": "app.cardlog",
    "pk": 121,
    "fields": {
        "card": 15,
        "from_column": "1",
        "to_column": "2",
        "action": null,
        "timestamp": "2018-04-17T16:00:00Z"
    }
},
{
    "model": "app.cardlog",
    "pk": 122,
    "fields": {
        "card": 15,
        "from_column": "2",
        "to_column": "4",
        "action": null,
        "timestamp": "2018-04-17T17:00:00Z"
    }
},
{
    "model": "app.cardlog",
    "pk": 123,
    "fields": {
        "card": 15,
        "from_column": "4",
        "to_column": "5",
        "action": null,
        "timestamp": "2018-04-18T12:00:00Z"
    }
},
{
    "model": "app.cardlog",
    "pk": 124,
    "fields": {
        "card": 15,
        "from_column": "5",
        "to_column": "6",
        "action": null,
        "timestamp": "2018-04-19T08:00:00Z"
    }
},
{
    "model": "app.cardlog",
    "pk": 125,
    "fields": {
        "card": 15,
        "from_column": "6",
        "to_column": "7",
        "action": null,
        "timestamp": "2018-04-19T09:30:00Z"
    }
},
{
    "model": "app.cardlog",
    "pk": 126,
    "fields": {
        "card": 15,
        "from_column": "7",
        "to_column": "8",
        "action": null,
        "timestamp": "2018-04-20T12:00:00Z"
    }
},
{
    "model": "app.cardlog",
    "pk": 127,
    "fields": {
        "card": 15,
        "from_column": "8",
        "to_column": "9",
        "action": null,
        "timestamp": "2018-04-21T06:00:00Z"
    }
},
{
    "model": "app.cardlog",
    "pk": 128,
    "fields": {
        "card": 15,
        "from_column": "9",
        "to_column": "10",
        "action": null,
        "timestamp": "2018-04-21T12:00:00Z"
    }
},
{
    "model": "app.cardlog",
    "pk": 129,
    "fields": {
        "card": 16,
        "from_column": "1",
        "to_column": "2",
        "action": null,
        "timestamp": "2018-04-17T16:00:00Z"
    }
},
{
    "model": "app.cardlog",
    "pk": 130,
    "fields": {
        "card": 16,
        "from_column": "2",
        "to_column": "4",
        "action": null,
        "timestamp": "2018-04-17T17:00:00Z"
    }
},
{
    "model": "app.cardlog",
    "pk": 131,
    "fields": {
        "card": 16,
        "from_column": "4",
        "to_column": "5",
        "action": null,
        "timestamp": "2018-04-23T12:00:00Z"
    }
},
{
    "model": "app.cardlog",
    "pk": 132,
    "fields": {
        "card": 16,
        "from_column": "5",
        "to_column": "6",
        "action": null,
        "timestamp": "2018-04-24T08:00:00Z"
    }
},
{
    "model": "app.cardlog",
    "pk": 133,
    "fields": {
        "card": 16,
        "from_column": "6",
        "to_column": "7",
        "action": null,
        "timestamp": "2018-04-25T09:30:00Z"
    }
},
{
    "model": "app.cardlog",
    "pk": 134,
    "fields": {
        "card": 16,
        "from_column": "7",
        "to_column": "8",
        "action": null,
        "timestamp": "2018-04-25T12:00:00Z"
    }
},
{
    "model": "app.cardlog",
    "pk": 135,
    "fields": {
        "card": 16,
        "from_column": "8",
        "to_column": "9",
        "action": null,
        "timestamp": "2018-04-26T06:00:00Z"
    }
},
{
    "model": "app.cardlog",
    "pk": 136,
    "fields": {
        "card": 16,
        "from_column": "9",
        "to_column": "4",
        "action": null,
        "timestamp": "2018-04-28T10:00:00Z"
    }
},
{
    "model": "app.cardlog",
    "pk": 137,
    "fields": {
        "card": 16,
        "from_column": "4",
        "to_column": "5",
        "action": null,
        "timestamp": "2018-04-29T12:00:00Z"
    }
},
{
    "model": "app.cardlog",
    "pk": 138,
    "fields": {
        "card": 16,
        "from_column": "5",
        "to_column": "6",
        "action": null,
        "timestamp": "2018-04-30T08:00:00Z"
    }
},
{
    "model": "app.cardlog",
    "pk": 139,
    "fields": {
        "card": 16,
        "from_column": "6",
        "to_column": "7",
        "action": null,
        "timestamp": "2018-04-30T09:30:00Z"
    }
},
{
    "model": "app.cardlog",
    "pk": 140,
    "fields": {
        "card": 16,
        "from_column": "7",
        "to_column": "8",
        "action": null,
        "timestamp": "2018-04-30T12:00:00Z"
    }
},
{
    "model": "app.cardlog",
    "pk": 141,
    "fields": {
        "card": 16,
        "from_column": "8",
        "to_column": "9",
        "action": null,
        "timestamp": "2018-05-01T06:00:00Z"
    }
},
{
    "model": "app.cardlog",
    "pk": 142,
    "fields": {
        "card": 16,
        "from_column": "9",
        "to_column": "10",
        "action": null,
        "timestamp": "2018-05-01T12:00:00Z"
    }
},
{
    "model": "app.cardlog",
    "pk": 143,
    "fields": {
        "card": 17,
        "from_column": "1",
        "to_column": "2",
        "action": null,
        "timestamp": "2018-04-17T16:00:00Z"
    }
},
{
    "model": "app.cardlog",
    "pk": 144,
    "fields": {
        "card": 17,
        "from_column": "2",
        "to_column": "4",
        "action": null,
        "timestamp": "2018-04-17T17:00:00Z"
    }
},
{
    "model": "app.cardlog",
    "pk": 145,
    "fields": {
        "card": 17,
        "from_column": "4",
        "to_column": "5",
        "action": null,
        "timestamp": "2018-04-24T06:00:00Z"
    }
},
{
    "model": "app.cardlog",
    "pk": 146,
    "fields": {
        "card": 17,
        "from_column": "5",
        "to_column": "6",
        "action": null,
        "timestamp": "2018-04-24T08:00:00Z"
    }
},
{
    "model": "app.cardlog",
    "pk": 147,
    "fields": {
        "card": 17,
        "from_column": "6",
        "to_column": "7",
        "action": null,
        "timestamp": "2018-04-25T09:30:00Z"
    }
},
{
    "model": "app.cardlog",
    "pk": 148,
    "fields": {
        "card": 17,
        "from_column": "7",
        "to_column": "8",
        "action": null,
        "timestamp": "2018-04-25T12:00:00Z"
    }
},
{
    "model": "app.cardlog",
    "pk": 149,
    "fields": {
        "card": 17,
        "from_column": "8",
        "to_column": "9",
        "action": null,
        "timestamp": "2018-04-28T06:00:00Z"
    }
},
{
    "model": "app.cardlog",
    "pk": 150,
    "fields": {
        "card": 17,
        "from_column": "9",
        "to_column": "10",
        "action": null,
        "timestamp": "2018-04-29T12:00:00Z"
    }
},
{
    "model": "app.cardlog",
    "pk": 151,
    "fields": {
        "card": 18,
        "from_column": "1",
        "to_column": "2",
        "action": null,
        "timestamp": "2018-04-15T16:00:00Z"
    }
},
{
    "model": "app.cardlog",
    "pk": 152,
    "fields": {
        "card": 18,
        "from_column": "2",
        "to_column": "4",
        "action": null,
        "timestamp": "2018-04-15T17:00:00Z"
    }
},
{
    "model": "app.cardlog",
    "pk": 153,
    "fields": {
        "card": 18,
        "from_column": "4",
        "to_column": "5",
        "action": null,
        "timestamp": "2018-04-16T12:00:00Z"
    }
},
{
    "model": "app.cardlog",
    "pk": 154,
    "fields": {
        "card": 18,
        "from_column": "5",
        "to_column": "6",
        "action": null,
        "timestamp": "2018-04-17T08:00:00Z"
    }
},
{
    "model": "app.cardlog",
    "pk": 155,
    "fields": {
        "card": 18,
        "from_column": "6",
        "to_column": "7",
        "action": null,
        "timestamp": "2018-04-17T09:30:00Z"
    }
},
{
    "model": "app.cardlog",
    "pk": 156,
    "fields": {
        "card": 18,
        "from_column": "7",
        "to_column": "8",
        "action": null,
        "timestamp": "2018-04-18T12:00:00Z"
    }
},
{
    "model": "app.cardlog",
    "pk": 157,
    "fields": {
        "card": 18,
        "from_column": "8",
        "to_column": "9",
        "action": null,
        "timestamp": "2018-04-21T06:00:00Z"
    }
},
{
    "model": "app.cardlog",
    "pk": 158,
    "fields": {
        "card": 18,
        "from_column": "9",
        "to_column": "10",
        "action": null,
        "timestamp": "2018-04-22T12:00:00Z"
    }
},
{
    "model": "app.cardlog",
    "pk": 159,
    "fields": {
        "card": 19,
        "from_column": "1",
        "to_column": "2",
        "action": null,
        "timestamp": "2018-04-17T16:00:00Z"
    }
},
{
    "model": "app.cardlog",
    "pk": 160,
    "fields": {
        "card": 19,
        "from_column": "2",
        "to_column": "4",
        "action": null,
        "timestamp": "2018-04-17T17:00:00Z"
    }
},
{
    "model": "app.cardlog",
    "pk": 161,
    "fields": {
        "card": 19,
        "from_column": "4",
        "to_column": "5",
        "action": null,
        "timestamp": "2018-04-23T12:00:00Z"
    }
},
{
    "model": "app.cardlog",
    "pk": 162,
    "fields": {
        "card": 19,
        "from_column": "5",
        "to_column": "4",
        "action": null,
        "timestamp": "2018-04-23T16:00:00Z"
    }
},
{
    "model": "app.cardlog",
    "pk": 163,
    "fields": {
        "card": 19,
        "from_column": "4",
        "to_column": "5",
        "action": null,
        "timestamp": "2018-04-24T07:00:00Z"
    }
},
{
    "model": "app.cardlog",
    "pk": 164,
    "fields": {
        "card": 19,
        "from_column": "5",
        "to_column": "6",
        "action": null,
        "timestamp": "2018-04-24T08:00:00Z"
    }
},
{
    "model": "app.cardlog",
    "pk": 165,
    "fields": {
        "card": 19,
        "from_column": "6",
        "to_column": "7",
        "action": null,
        "timestamp": "2018-04-25T09:30:00Z"
    }
},
{
    "model": "app.cardlog",
    "pk": 166,
    "fields": {
        "card": 19,
        "from_column": "7",
        "to_column": "8",
        "action": null,
        "timestamp": "2018-04-25T12:00:00Z"
    }
},
{
    "model": "app.cardlog",
    "pk": 167,
    "fields": {
        "card": 19,
        "from_column": "8",
        "to_column": "9",
        "action": null,
        "timestamp": "2018-04-28T06:00:00Z"
    }
},
{
    "model": "app.cardlog",
    "pk": 168,
    "fields": {
        "card": 19,
        "from_column": "9",
        "to_column": "10",
        "action": null,
        "timestamp": "2018-04-29T12:00:00Z"
    }
},
{
    "model": "app.cardlog",
    "pk": 169,
    "fields": {
        "card": 20,
        "from_column": "1",
        "to_column": "2",
        "action": null,
        "timestamp": "2018-04-17T16:00:00Z"
    }
},
{
    "model": "app.cardlog",
    "pk": 170,
    "fields": {
        "card": 20,
        "from_column": "2",
        "to_column": "4",
        "action": null,
        "timestamp": "2018-04-17T17:00:00Z"
    }
},
{
    "model": "app.cardlog",
    "pk": 171,
    "fields": {
        "card": 20,
        "from_column": "4",
        "to_column": "5",
        "action": null,
        "timestamp": "2018-04-23T12:00:00Z"
    }
},
{
    "model": "app.cardlog",
    "pk": 172,
    "fields": {
        "card": 20,
        "from_column": "5",
        "to_column": "6",
        "action": null,
        "timestamp": "2018-04-24T08:00:00Z"
    }
},
{
    "model": "app.cardlog",
    "pk": 173,
    "fields": {
        "card": 20,
        "from_column": "6",
        "to_column": "7",
        "action": null,
        "timestamp": "2018-04-26T09:30:00Z"
    }
},
{
    "model": "app.cardlog",
    "pk": 174,
    "fields": {
        "card": 20,
        "from_column": "7",
        "to_column": "8",
        "action": null,
        "timestamp": "2018-04-26T12:00:00Z"
    }
},
{
    "model": "app.cardlog",
    "pk": 175,
    "fields": {
        "card": 20,
        "from_column": "8",
        "to_column": "9",
        "action": null,
        "timestamp": "2018-04-27T06:00:00Z"
    }
},
{
    "model": "app.cardlog",
    "pk": 176,
    "fields": {
        "card": 20,
        "from_column": "9",
        "to_column": "10",
        "action": null,
        "timestamp": "2018-04-29T12:00:00Z"
    }
},
{
    "model": "app.cardlog",
    "pk": 177,
    "fields": {
        "card": 21,
        "from_column": "1",
        "to_column": "2",
        "action": null,
        "timestamp": "2018-04-19T16:00:00Z"
    }
},
{
    "model": "app.cardlog",
    "pk": 178,
    "fields": {
        "card": 21,
        "from_column": "2",
        "to_column": "4",
        "action": null,
        "timestamp": "2018-04-19T17:00:00Z"
    }
},
{
    "model": "app.cardlog",
    "pk": 179,
    "fields": {
        "card": 21,
        "from_column": "4",
        "to_column": "5",
        "action": null,
        "timestamp": "2018-04-21T12:00:00Z"
    }
},
{
    "model": "app.cardlog",
    "pk": 180,
    "fields": {
        "card": 21,
        "from_column": "5",
        "to_column": "6",
        "action": null,
        "timestamp": "2018-04-24T08:00:00Z"
    }
},
{
    "model": "app.cardlog",
    "pk": 181,
    "fields": {
        "card": 21,
        "from_column": "6",
        "to_column": "7",
        "action": null,
        "timestamp": "2018-04-25T13:30:00Z"
    }
},
{
    "model": "app.cardlog",
    "pk": 182,
    "fields": {
        "card": 21,
        "from_column": "7",
        "to_column": "8",
        "action": null,
        "timestamp": "2018-04-25T14:00:00Z"
    }
},
{
    "model": "app.cardlog",
    "pk": 183,
    "fields": {
        "card": 21,
        "from_column": "8",
        "to_column": "9",
        "action": null,
        "timestamp": "2018-04-28T06:00:00Z"
    }
},
{
    "model": "app.cardlog",
    "pk": 184,
    "fields": {
        "card": 21,
        "from_column": "9",
        "to_column": "10",
        "action": null,
        "timestamp": "2018-04-28T12:00:00Z"
    }
},
{
    "model": "app.cardlog",
    "pk": 185,
    "fields": {
        "card": 22,
        "from_column": "1",
        "to_column": "2",
        "action": null,
        "timestamp": "2018-04-11T16:00:00Z"
    }
},
{
    "model": "app.cardlog",
    "pk": 186,
    "fields": {
        "card": 22,
        "from_column": "2",
        "to_column": "4",
        "action": null,
        "timestamp": "2018-04-11T17:00:00Z"
    }
},
{
    "model": "app.cardlog",
    "pk": 187,
    "fields": {
        "card": 22,
        "from_column": "4",
        "to_column": "5",
        "action": null,
        "timestamp": "2018-04-12T12:00:00Z"
    }
},
{
    "model": "app.cardlog",
    "pk": 188,
    "fields": {
        "card": 22,
        "from_column": "5",
        "to_column": "6",
        "action": null,
        "timestamp": "2018-04-12T17:00:00Z"
    }
},
{
    "model": "app.cardlog",
    "pk": 189,
    "fields": {
        "card": 22,
        "from_column": "6",
        "to_column": "7",
        "action": null,
        "timestamp": "2018-04-13T09:30:00Z"
    }
},
{
    "model": "app.cardlog",
    "pk": 190,
    "fields": {
        "card": 22,
        "from_column": "7",
        "to_column": "8",
        "action": null,
        "timestamp": "2018-04-14T12:00:00Z"
    }
},
{
    "model": "app.cardlog",
    "pk": 191,
    "fields": {
        "card": 22,
        "from_column": "8",
        "to_column": "9",
        "action": null,
        "timestamp": "2018-04-15T06:00:00Z"
    }
},
{
    "model": "app.cardlog",
    "pk": 192,
    "fields": {
        "card": 22,
        "from_column": "9",
        "to_column": "10",
        "action": null,
        "timestamp": "2018-04-16T12:00:00Z"
    }
}
]
