[{"model": "contenttypes.contenttype", "pk": 98, "fields": {"app_label": "admin", "model": "logentry"}}, {"model": "contenttypes.contenttype", "pk": 99, "fields": {"app_label": "auth", "model": "permission"}}, {"model": "contenttypes.contenttype", "pk": 100, "fields": {"app_label": "auth", "model": "group"}}, {"model": "contenttypes.contenttype", "pk": 101, "fields": {"app_label": "contenttypes", "model": "contenttype"}}, {"model": "contenttypes.contenttype", "pk": 102, "fields": {"app_label": "sessions", "model": "session"}}, {"model": "contenttypes.contenttype", "pk": 103, "fields": {"app_label": "app", "model": "userrole"}}, {"model": "contenttypes.contenttype", "pk": 104, "fields": {"app_label": "app", "model": "teamrole"}}, {"model": "contenttypes.contenttype", "pk": 105, "fields": {"app_label": "app", "model": "setting"}}, {"model": "contenttypes.contenttype", "pk": 106, "fields": {"app_label": "app", "model": "loginattempt"}}, {"model": "contenttypes.contenttype", "pk": 107, "fields": {"app_label": "app", "model": "user"}}, {"model": "contenttypes.contenttype", "pk": 108, "fields": {"app_label": "app", "model": "team"}}, {"model": "contenttypes.contenttype", "pk": 109, "fields": {"app_label": "app", "model": "userteam"}}, {"model": "contenttypes.contenttype", "pk": 110, "fields": {"app_label": "app", "model": "userteamlog"}}, {"model": "contenttypes.contenttype", "pk": 111, "fields": {"app_label": "app", "model": "board"}}, {"model": "contenttypes.contenttype", "pk": 112, "fields": {"app_label": "app", "model": "project"}}, {"model": "contenttypes.contenttype", "pk": 113, "fields": {"app_label": "app", "model": "column"}}, {"model": "contenttypes.contenttype", "pk": 114, "fields": {"app_label": "app", "model": "cardtype"}}, {"model": "contenttypes.contenttype", "pk": 115, "fields": {"app_label": "app", "model": "card"}}, {"model": "contenttypes.contenttype", "pk": 116, "fields": {"app_label": "app", "model": "cardlog"}}, {"model": "app.userrole", "pk": 1, "fields": {}}, {"model": "app.userrole", "pk": 2, "fields": {}}, {"model": "app.userrole", "pk": 3, "fields": {}}, {"model": "app.userrole", "pk": 4, "fields": {}}, {"model": "app.teamrole", "pk": 2, "fields": {}}, {"model": "app.teamrole", "pk": 3, "fields": {}}, {"model": "app.teamrole", "pk": 4, "fields": {}}, {"model": "app.setting", "pk": 7, "fields": {"key": "ip_lock_time", "value": "1"}}, {"model": "app.setting", "pk": 8, "fields": {"key": "max_attempts", "value": "3"}}, {"model": "app.user", "pk": 16, "fields": {"password": "pbkdf2_sha256$100000$uaXEaWY1oWYn$K1f6wVZcfQB+asWOxUZ3mzm7u+3jeYXg2rvGXjg9rpg=", "last_login": null, "email": "admin@demo.com", "first_name": "Ad", "last_name": "Min", "is_active": true, "is_admin": true, "is_staff": true, "is_superuser": true, "roles": [1]}}, {"model": "app.user", "pk": 17, "fields": {"password": "pbkdf2_sha256$100000$KiQtoPQiValk$ry/MZU/ddt4Rpb5Sy782J/cA4FNgOrdlMYw+mOPd43I=", "last_login": null, "email": "dev1@demo.com", "first_name": "Dev", "last_name": "Ena", "is_active": true, "is_admin": false, "is_staff": false, "is_superuser": false, "roles": [3, 4]}}, {"model": "app.user", "pk": 18, "fields": {"password": "pbkdf2_sha256$100000$8OeMq4gPS3RJ$iexLmWjzX63wFMJhebjF8RjJpbcBZzPbcxQKxIsI64k=", "last_login": null, "email": "dev2@demo.com", "first_name": "Dev", "last_name": "Dve", "is_active": true, "is_admin": false, "is_staff": false, "is_superuser": false, "roles": [4]}}, {"model": "app.user", "pk": 19, "fields": {"password": "pbkdf2_sha256$100000$EUgOiy9ighl1$zT/NRzfliRFk+zkfZAwm3Hl6aCOXEvTN/Ybf9nk3xlc=", "last_login": null, "email": "km@demo.com", "first_name": "K", "last_name": "M", "is_active": true, "is_admin": false, "is_staff": false, "is_superuser": false, "roles": [3]}}, {"model": "app.user", "pk": 20, "fields": {"password": "pbkdf2_sha256$100000$vh3KozqSQ89q$3+vBoVo3OGlWQWS9HkS77GH7Pnxxkv17i1IRVfE3HXM=", "last_login": null, "email": "po@demo.com", "first_name": "P", "last_name": "O", "is_active": true, "is_admin": false, "is_staff": false, "is_superuser": false, "roles": [2]}}, {"model": "app.team", "pk": 10, "fields": {"kanban_master": 19, "product_owner": 20, "name": "t1"}}, {"model": "app.team", "pk": 11, "fields": {"kanban_master": 19, "product_owner": 17, "name": "t2"}}, {"model": "app.team", "pk": 12, "fields": {"kanban_master": 18, "product_owner": 20, "name": "t3"}}, {"model": "app.userteam", "pk": 13, "fields": {"member": 17, "team": 10, "is_active": true, "roles": [4]}}, {"model": "app.userteam", "pk": 14, "fields": {"member": 18, "team": 10, "is_active": true, "roles": [4]}}, {"model": "app.userteam", "pk": 15, "fields": {"member": 19, "team": 10, "is_active": true, "roles": [3]}}, {"model": "app.userteam", "pk": 16, "fields": {"member": 19, "team": 11, "is_active": true, "roles": [3, 4]}}, {"model": "app.userteamlog", "pk": 13, "fields": {"userteam": 13, "action": "User added to team", "timestamp": "2018-03-25T20:50:39.128Z"}}, {"model": "app.userteamlog", "pk": 14, "fields": {"userteam": 14, "action": "User added to team", "timestamp": "2018-03-25T20:50:39.132Z"}}, {"model": "app.userteamlog", "pk": 15, "fields": {"userteam": 15, "action": "User added to team", "timestamp": "2018-03-25T20:50:39.136Z"}}, {"model": "app.userteamlog", "pk": 16, "fields": {"userteam": 16, "action": "User added to team", "timestamp": "2018-03-25T20:50:39.141Z"}}, {"model": "app.board", "pk": 4, "fields": {"name": "Tabla 1"}}, {"model": "app.project", "pk": 1, "fields": {"team": 10, "board": 4, "name": "Projekt 1", "customer": "Mahnic", "date_start": "2018-03-25", "date_end": "2018-03-30"}}, {"model": "app.project", "pk": 2, "fields": {"team": 10, "board": 4, "name": "Projekt 2", "customer": "Furst", "date_start": "2018-03-25", "date_end": "2018-03-30"}}, {"model": "app.column", "pk": 8, "fields": {"board": 4, "name": "Stolpec 1", "position": 0, "wip": 3, "type": "Tip stolpca 1", "parent": null}}, {"model": "app.column", "pk": 9, "fields": {"board": 4, "name": "Stolpec 2", "position": 0, "wip": 4, "type": "Tip stolpca 2", "parent": 8}}, {"model": "app.column", "pk": 10, "fields": {"board": 4, "name": "Stolpec 3", "position": 1, "wip": 5, "type": "Tip stolpca 3", "parent": 8}}, {"model": "app.cardtype", "pk": 0, "fields": {}}, {"model": "app.cardtype", "pk": 1, "fields": {}}, {"model": "app.card", "pk": 1, "fields": {"column": 9, "type": 0, "description": "Mellow", "name": "To je ime kartice", "estimate": 3.5, "expiration": "2018-03-30T20:50:28.777Z"}}, {"model": "app.card", "pk": 2, "fields": {"column": 9, "type": 0, "description": "Meowww", "name": "To je kartica", "estimate": 1.0, "expiration": "2018-03-30T20:50:28.777Z"}}, {"model": "app.card", "pk": 3, "fields": {"column": 10, "type": 1, "description": "Meowing all over the world.", "name": "Bllll", "estimate": 666.0, "expiration": "2018-03-30T20:50:28.777Z"}}, {"model": "app.cardlog", "pk": 6, "fields": {"card": 1, "from_column": 8, "to_column": 9, "action": "Premik1", "timestamp": "2018-03-25T20:50:39.243Z"}}, {"model": "app.cardlog", "pk": 7, "fields": {"card": 1, "from_column": 9, "to_column": 10, "action": "Premik2", "timestamp": "2018-03-25T20:50:39.247Z"}}, {"model": "app.cardlog", "pk": 8, "fields": {"card": 1, "from_column": 10, "to_column": 8, "action": "Premik3", "timestamp": "2018-03-25T20:50:39.254Z"}}, {"model": "app.cardlog", "pk": 9, "fields": {"card": 3, "from_column": 8, "to_column": 10, "action": "Premik4", "timestamp": "2018-03-25T20:50:40.756Z"}}, {"model": "auth.permission", "pk": 292, "fields": {"name": "Can add log entry", "content_type": 98, "codename": "add_logentry"}}, {"model": "auth.permission", "pk": 293, "fields": {"name": "Can change log entry", "content_type": 98, "codename": "change_logentry"}}, {"model": "auth.permission", "pk": 294, "fields": {"name": "Can delete log entry", "content_type": 98, "codename": "delete_logentry"}}, {"model": "auth.permission", "pk": 295, "fields": {"name": "Can add permission", "content_type": 99, "codename": "add_permission"}}, {"model": "auth.permission", "pk": 296, "fields": {"name": "Can change permission", "content_type": 99, "codename": "change_permission"}}, {"model": "auth.permission", "pk": 297, "fields": {"name": "Can delete permission", "content_type": 99, "codename": "delete_permission"}}, {"model": "auth.permission", "pk": 298, "fields": {"name": "Can add group", "content_type": 100, "codename": "add_group"}}, {"model": "auth.permission", "pk": 299, "fields": {"name": "Can change group", "content_type": 100, "codename": "change_group"}}, {"model": "auth.permission", "pk": 300, "fields": {"name": "Can delete group", "content_type": 100, "codename": "delete_group"}}, {"model": "auth.permission", "pk": 301, "fields": {"name": "Can add content type", "content_type": 101, "codename": "add_contenttype"}}, {"model": "auth.permission", "pk": 302, "fields": {"name": "Can change content type", "content_type": 101, "codename": "change_contenttype"}}, {"model": "auth.permission", "pk": 303, "fields": {"name": "Can delete content type", "content_type": 101, "codename": "delete_contenttype"}}, {"model": "auth.permission", "pk": 304, "fields": {"name": "Can add session", "content_type": 102, "codename": "add_session"}}, {"model": "auth.permission", "pk": 305, "fields": {"name": "Can change session", "content_type": 102, "codename": "change_session"}}, {"model": "auth.permission", "pk": 306, "fields": {"name": "Can delete session", "content_type": 102, "codename": "delete_session"}}, {"model": "auth.permission", "pk": 307, "fields": {"name": "Can add user role", "content_type": 103, "codename": "add_userrole"}}, {"model": "auth.permission", "pk": 308, "fields": {"name": "Can change user role", "content_type": 103, "codename": "change_userrole"}}, {"model": "auth.permission", "pk": 309, "fields": {"name": "Can delete user role", "content_type": 103, "codename": "delete_userrole"}}, {"model": "auth.permission", "pk": 310, "fields": {"name": "Can add team role", "content_type": 104, "codename": "add_teamrole"}}, {"model": "auth.permission", "pk": 311, "fields": {"name": "Can change team role", "content_type": 104, "codename": "change_teamrole"}}, {"model": "auth.permission", "pk": 312, "fields": {"name": "Can delete team role", "content_type": 104, "codename": "delete_teamrole"}}, {"model": "auth.permission", "pk": 313, "fields": {"name": "Can add setting", "content_type": 105, "codename": "add_setting"}}, {"model": "auth.permission", "pk": 314, "fields": {"name": "Can change setting", "content_type": 105, "codename": "change_setting"}}, {"model": "auth.permission", "pk": 315, "fields": {"name": "Can delete setting", "content_type": 105, "codename": "delete_setting"}}, {"model": "auth.permission", "pk": 316, "fields": {"name": "Can add login attempt", "content_type": 106, "codename": "add_loginattempt"}}, {"model": "auth.permission", "pk": 317, "fields": {"name": "Can change login attempt", "content_type": 106, "codename": "change_loginattempt"}}, {"model": "auth.permission", "pk": 318, "fields": {"name": "Can delete login attempt", "content_type": 106, "codename": "delete_loginattempt"}}, {"model": "auth.permission", "pk": 319, "fields": {"name": "Can add user", "content_type": 107, "codename": "add_user"}}, {"model": "auth.permission", "pk": 320, "fields": {"name": "Can change user", "content_type": 107, "codename": "change_user"}}, {"model": "auth.permission", "pk": 321, "fields": {"name": "Can delete user", "content_type": 107, "codename": "delete_user"}}, {"model": "auth.permission", "pk": 322, "fields": {"name": "Can add team", "content_type": 108, "codename": "add_team"}}, {"model": "auth.permission", "pk": 323, "fields": {"name": "Can change team", "content_type": 108, "codename": "change_team"}}, {"model": "auth.permission", "pk": 324, "fields": {"name": "Can delete team", "content_type": 108, "codename": "delete_team"}}, {"model": "auth.permission", "pk": 325, "fields": {"name": "Can add user team", "content_type": 109, "codename": "add_userteam"}}, {"model": "auth.permission", "pk": 326, "fields": {"name": "Can change user team", "content_type": 109, "codename": "change_userteam"}}, {"model": "auth.permission", "pk": 327, "fields": {"name": "Can delete user team", "content_type": 109, "codename": "delete_userteam"}}, {"model": "auth.permission", "pk": 328, "fields": {"name": "Can add user team log", "content_type": 110, "codename": "add_userteamlog"}}, {"model": "auth.permission", "pk": 329, "fields": {"name": "Can change user team log", "content_type": 110, "codename": "change_userteamlog"}}, {"model": "auth.permission", "pk": 330, "fields": {"name": "Can delete user team log", "content_type": 110, "codename": "delete_userteamlog"}}, {"model": "auth.permission", "pk": 331, "fields": {"name": "Can add board", "content_type": 111, "codename": "add_board"}}, {"model": "auth.permission", "pk": 332, "fields": {"name": "Can change board", "content_type": 111, "codename": "change_board"}}, {"model": "auth.permission", "pk": 333, "fields": {"name": "Can delete board", "content_type": 111, "codename": "delete_board"}}, {"model": "auth.permission", "pk": 334, "fields": {"name": "Can add project", "content_type": 112, "codename": "add_project"}}, {"model": "auth.permission", "pk": 335, "fields": {"name": "Can change project", "content_type": 112, "codename": "change_project"}}, {"model": "auth.permission", "pk": 336, "fields": {"name": "Can delete project", "content_type": 112, "codename": "delete_project"}}, {"model": "auth.permission", "pk": 337, "fields": {"name": "Can add column", "content_type": 113, "codename": "add_column"}}, {"model": "auth.permission", "pk": 338, "fields": {"name": "Can change column", "content_type": 113, "codename": "change_column"}}, {"model": "auth.permission", "pk": 339, "fields": {"name": "Can delete column", "content_type": 113, "codename": "delete_column"}}, {"model": "auth.permission", "pk": 340, "fields": {"name": "Can add card type", "content_type": 114, "codename": "add_cardtype"}}, {"model": "auth.permission", "pk": 341, "fields": {"name": "Can change card type", "content_type": 114, "codename": "change_cardtype"}}, {"model": "auth.permission", "pk": 342, "fields": {"name": "Can delete card type", "content_type": 114, "codename": "delete_cardtype"}}, {"model": "auth.permission", "pk": 343, "fields": {"name": "Can add card", "content_type": 115, "codename": "add_card"}}, {"model": "auth.permission", "pk": 344, "fields": {"name": "Can change card", "content_type": 115, "codename": "change_card"}}, {"model": "auth.permission", "pk": 345, "fields": {"name": "Can delete card", "content_type": 115, "codename": "delete_card"}}, {"model": "auth.permission", "pk": 346, "fields": {"name": "Can add card log", "content_type": 116, "codename": "add_cardlog"}}, {"model": "auth.permission", "pk": 347, "fields": {"name": "Can change card log", "content_type": 116, "codename": "change_cardlog"}}, {"model": "auth.permission", "pk": 348, "fields": {"name": "Can delete card log", "content_type": 116, "codename": "delete_cardlog"}}]